away_team,week,posteam,drive_play_count,drive,qtr,drive_start_yard_line,drive_end_yard_line,drive_end_transition,down,ydstogo,yrdln,time,ydsnet,desc,play_type,yards_gained,shotgun,no_huddle,qb_dropback,qb_kneel,qb_spike,qb_scramble,passer_player_name,passing_yards,receiver_player_name,receiving_yards,rusher_player_name,rushing_yards,pass_length,pass_location,air_yards,yards_after_catch,goal_to_go,first_down_pass,third_down_converted,third_down_failed,fourth_down_converted,fourth_down_failed,incomplete_pass,interception,drive_time_of_possession,drive_first_downs,drive_inside20,drive_ended_with_score,drive_yards_penalized,punt_inside_twenty,punt_in_endzone,punt_out_of_bounds,punt_downed,punt_fair_catch,tackle_for_loss_1_player_name,tackle_for_loss_2_player_name,qb_hit_1_player_name,pass_defense_1_player_name,fumbled_1_player_name,sack_player_name,half_sack_1_player_name,half_sack_2_player_name,replay_or_challenge_result,penalty_type,drive_start_transition
GB,1,NA,NA,NA,1,NA,NA,NA,NA,0,PHI 35,15:00,NA,GAME,NA,NA,0,0,NA,0,0,0,NA,NA,NA,NA,NA,NA,NA,NA,NA,NA,0,NA,NA,NA,NA,NA,NA,NA,NA,NA,NA,NA,NA,NA,NA,NA,NA,NA,NA,NA,NA,NA,NA,NA,NA,NA,NA,NA,NA
GB,1,GB,6,1,1,GB 35,PHI 43,PUNT,NA,0,PHI 35,15:00,22,"10-B.Mann kicks 65 yards from PHI 35 to end zone, Touchback to the GB 30. PENALTY on PHI-22-K.Ringo, Illegal Formation, 5 yards, enforced at GB 30.",kickoff,0,0,0,0,0,0,0,NA,NA,NA,NA,NA,NA,NA,NA,NA,NA,0,0,0,0,0,0,0,0,3:20,1,0,0,-5,0,0,0,0,0,NA,NA,NA,NA,NA,NA,NA,NA,NA,Illegal Formation,KICKOFF
GB,1,GB,6,1,1,GB 35,PHI 43,PUNT,1,10,GB 35,15:00,22,"(15:00) 8-J.Jacobs up the middle to GB 34 for -1 yards (19-J.Sweat, 93-M.Williams).",run,-1,0,0,0,0,0,0,NA,NA,NA,NA,J.Jacobs,-1,NA,NA,NA,NA,0,0,0,0,0,0,0,0,3:20,1,0,0,-5,0,0,0,0,0,J.Sweat,NA,NA,NA,NA,NA,NA,NA,NA,NA,KICKOFF
GB,1,GB,6,1,1,GB 35,PHI 43,PUNT,2,11,GB 34,14:21,22,(14:21) (Shotgun) 10-J.Love pass short right to 9-C.Watson to GB 39 for 5 yards (2-D.Slay; 29-A.Maddox).,pass,5,1,0,1,0,0,0,J.Love,5,C.Watson,5,NA,NA,short,right,4,1,0,0,0,0,0,0,0,0,3:20,1,0,0,-5,0,0,0,0,0,NA,NA,NA,NA,NA,NA,NA,NA,NA,NA,KICKOFF
GB,1,GB,6,1,1,GB 35,PHI 43,PUNT,3,6,GB 39,13:39,22,"(13:39) (No Huddle, Shotgun) 10-J.Love pass short left to 87-R.Doubs pushed ob at PHI 42 for 19 yards (29-A.Maddox; 32-R.Blankenship).",pass,19,1,1,1,0,0,0,J.Love,19,R.Doubs,19,NA,NA,short,left,12,7,0,1,1,0,0,0,0,0,3:20,1,0,0,-5,0,0,0,0,0,NA,NA,NA,NA,NA,NA,NA,NA,NA,NA,KICKOFF
GB,1,GB,6,1,1,GB 35,PHI 43,PUNT,1,10,PHI 42,12:59,22,"(12:59) 8-J.Jacobs left guard to PHI 38 for 4 yards (53-Z.Baun, 27-Q.Mitchell).",run,4,0,0,0,0,0,0,NA,NA,NA,NA,J.Jacobs,4,NA,NA,NA,NA,0,0,0,0,0,0,0,0,3:20,1,0,0,-5,0,0,0,0,0,NA,NA,NA,NA,NA,NA,NA,NA,NA,NA,KICKOFF
GB,1,GB,6,1,1,GB 35,PHI 43,PUNT,2,6,PHI 38,12:17,22,"(12:17) 8-J.Jacobs left tackle to PHI 38 for no gain (53-Z.Baun, 3-N.Smith).",run,0,0,0,0,0,0,0,NA,NA,NA,NA,J.Jacobs,0,NA,NA,NA,NA,0,0,0,0,0,0,0,0,3:20,1,0,0,-5,0,0,0,0,0,NA,NA,NA,NA,NA,NA,NA,NA,NA,NA,KICKOFF
GB,1,GB,6,1,1,GB 35,PHI 43,PUNT,3,6,PHI 38,12:01,22,"(12:01) (No Huddle) 10-J.Love pass deep left to 11-J.Reed for 38 yards, TOUCHDOWN NULLIFIED by Penalty. Penalty on PHI, Defensive Too Many Men on Field, offsetting, enforced at PHI 38 - No Play. Penalty on GB, Offensive Too Many Men on Field, offsetting.",no_play,NA,0,1,0,0,0,0,NA,NA,NA,NA,NA,NA,NA,NA,NA,NA,0,NA,NA,NA,NA,NA,NA,NA,3:20,1,0,0,-5,NA,NA,NA,NA,NA,NA,NA,NA,NA,NA,NA,NA,NA,NA,NA,KICKOFF
GB,1,GB,6,1,1,GB 35,PHI 43,PUNT,3,6,PHI 38,11:52,22,(11:52) (Shotgun) 10-J.Love pass incomplete deep left to 9-C.Watson.,pass,0,1,0,1,0,0,0,J.Love,NA,C.Watson,NA,NA,NA,deep,left,38,NA,0,0,0,1,0,0,1,0,3:20,1,0,0,-5,0,0,0,0,0,NA,NA,NA,NA,NA,NA,NA,NA,NA,NA,KICKOFF
GB,1,NA,6,1,1,GB 35,PHI 43,PUNT,NA,0,PHI 38,11:47,22,Timeout #1 by GB at 11:47.,no_play,0,0,0,0,0,0,0,NA,NA,NA,NA,NA,NA,NA,NA,NA,NA,0,0,0,0,0,0,0,0,3:20,1,0,0,-5,0,0,0,0,0,NA,NA,NA,NA,NA,NA,NA,NA,NA,NA,KICKOFF
GB,1,GB,6,1,1,GB 35,PHI 43,PUNT,4,6,PHI 38,11:47,22,"(11:47) (Shotgun) PENALTY on GB-50-Z.Tom, False Start, 5 yards, enforced at PHI 38 - No Play.",no_play,0,1,0,0,0,0,0,NA,NA,NA,NA,NA,NA,NA,NA,NA,NA,0,0,0,0,0,0,0,0,3:20,1,0,0,-5,0,0,0,0,0,NA,NA,NA,NA,NA,NA,NA,NA,NA,False Start,KICKOFF
GB,1,GB,6,1,1,GB 35,PHI 43,PUNT,4,11,PHI 43,11:47,22,"(11:47) 19-D.Whelan punts 33 yards to PHI 10, Center-42-M.Orzech, out of bounds.",punt,0,0,0,0,0,0,0,NA,NA,NA,NA,NA,NA,NA,NA,NA,NA,0,0,0,0,0,0,0,0,3:20,1,0,0,-5,1,0,1,0,0,NA,NA,NA,NA,NA,NA,NA,NA,NA,NA,KICKOFF
GB,1,PHI,3,2,1,PHI 10,PHI 5,INTERCEPTION,1,10,PHI 10,11:40,-5,(11:40) 26-S.Barkley left end to PHI 5 for -5 yards (45-Er.Wilson).,run,-5,0,0,0,0,0,0,NA,NA,NA,NA,S.Barkley,-5,NA,NA,NA,NA,0,0,0,0,0,0,0,0,0:54,0,0,0,0,0,0,0,0,0,Er.Wilson,NA,NA,NA,NA,NA,NA,NA,NA,NA,PUNT
GB,1,PHI,3,2,1,PHI 10,PHI 5,INTERCEPTION,2,15,PHI 5,11:03,-5,(11:03) (Shotgun) 1-J.Hurts pass incomplete deep left to 11-A.Brown.,pass,0,1,0,1,0,0,0,J.Hurts,NA,A.Brown,NA,NA,NA,deep,left,17,NA,0,0,0,0,0,0,1,0,0:54,0,0,0,0,0,0,0,0,0,NA,NA,NA,NA,NA,NA,NA,NA,NA,NA,PUNT
GB,1,PHI,3,2,1,PHI 10,PHI 5,INTERCEPTION,3,15,PHI 5,10:57,-5,(10:57) (Shotgun) 1-J.Hurts pass deep middle intended for 6-D.Smith INTERCEPTED by 29-X.McKinney at PHI 36. 29-X.McKinney to PHI 19 for 17 yards (68-J.Mailata).,pass,0,1,0,1,0,0,0,J.Hurts,NA,D.Smith,NA,NA,NA,deep,middle,31,NA,0,0,0,1,0,0,0,1,0:54,0,0,0,0,0,0,0,0,0,NA,NA,NA,X.McKinney,NA,NA,NA,NA,NA,NA,PUNT
GB,1,GB,5,3,1,PHI 19,PHI 13,FIELD_GOAL,1,10,PHI 19,10:46,6,"(10:46) (Shotgun) 10-J.Love sacked at PHI 24 for -5 yards (53-Z.Baun). PENALTY on PHI-98-J.Carter, Unnecessary Roughness, 12 yards, enforced at PHI 24.",pass,-5,1,0,1,0,0,0,J.Love,NA,NA,NA,NA,NA,NA,NA,NA,NA,0,0,0,0,0,0,0,0,2:20,1,1,1,2,0,0,0,0,0,NA,NA,Z.Baun,NA,NA,Z.Baun,NA,NA,NA,Unnecessary Roughness,INTERCEPTION
GB,1,GB,5,3,1,PHI 19,PHI 13,FIELD_GOAL,1,10,PHI 12,10:19,6,(10:19) (Shotgun) 8-J.Jacobs right tackle to PHI 12 for no gain (8-C.Gardner-Johnson).,run,0,1,0,0,0,0,0,NA,NA,NA,NA,J.Jacobs,0,NA,NA,NA,NA,0,0,0,0,0,0,0,0,2:20,1,1,1,2,0,0,0,0,0,NA,NA,NA,NA,NA,NA,NA,NA,NA,NA,INTERCEPTION
GB,1,GB,5,3,1,PHI 19,PHI 13,FIELD_GOAL,2,10,PHI 12,09:39,6,"(9:39) 10-J.Love pass short right to 88-L.Musgrave to PHI 13 for -1 yards (8-C.Gardner-Johnson; 2-D.Slay). PENALTY on GB-63-R.Walker, Offensive Holding, 10 yards, enforced at PHI 12 - No Play.",no_play,0,0,0,0,0,0,0,NA,NA,NA,NA,NA,NA,NA,NA,NA,NA,0,0,0,0,0,0,0,0,2:20,1,1,1,2,0,0,0,0,0,NA,NA,NA,NA,NA,NA,NA,NA,NA,Offensive Holding,INTERCEPTION
GB,1,GB,5,3,1,PHI 19,PHI 13,FIELD_GOAL,2,20,PHI 22,09:17,6,(9:17) (Shotgun) 10-J.Love pass incomplete short middle to 13-D.Wicks.,pass,0,1,0,1,0,0,0,J.Love,NA,D.Wicks,NA,NA,NA,short,middle,8,NA,0,0,0,0,0,0,1,0,2:20,1,1,1,2,0,0,0,0,0,NA,NA,NA,NA,NA,NA,NA,NA,NA,NA,INTERCEPTION
GB,1,GB,5,3,1,PHI 19,PHI 13,FIELD_GOAL,3,20,PHI 22,09:13,6,(9:13) (Shotgun) 10-J.Love pass short left to 8-J.Jacobs to PHI 13 for 9 yards (29-A.Maddox; 59-T.Booker).,pass,9,1,0,1,0,0,0,J.Love,9,J.Jacobs,9,NA,NA,short,left,-5,14,0,0,0,1,0,0,0,0,2:20,1,1,1,2,0,0,0,0,0,NA,NA,NA,NA,NA,NA,NA,NA,NA,NA,INTERCEPTION
GB,1,GB,5,3,1,PHI 19,PHI 13,FIELD_GOAL,4,11,PHI 13,08:30,6,"(8:30) 44-B.Narveson 31 yard field goal is GOOD, Center-42-M.Orzech, Holder-19-D.Whelan.",field_goal,0,0,0,0,0,0,0,NA,NA,NA,NA,NA,NA,NA,NA,NA,NA,0,0,0,0,0,0,0,0,2:20,1,1,1,2,0,0,0,0,0,NA,NA,NA,NA,NA,NA,NA,NA,NA,NA,INTERCEPTION
GB,1,PHI,3,4,1,PHI 16,PHI 20,FUMBLE,NA,0,GB 35,08:26,-2,"44-B.Narveson kicks 61 yards from GB 35 to PHI 4. 14-K.Gainwell MUFFS catch, and recovers at PHI 7. 14-K.Gainwell to PHI 16 for 9 yards (56-E.Cooper).",kickoff,0,0,0,0,0,0,0,NA,NA,NA,NA,NA,NA,NA,NA,NA,NA,0,0,0,0,0,0,0,0,1:20,0,0,0,0,0,0,0,0,0,NA,NA,NA,NA,NA,NA,NA,NA,NA,NA,KICKOFF
GB,1,PHI,3,4,1,PHI 16,PHI 20,FUMBLE,1,10,PHI 16,08:21,-2,(8:21) 26-S.Barkley right guard to PHI 19 for 3 yards (93-T.Slaton).,run,3,0,0,0,0,0,0,NA,NA,NA,NA,S.Barkley,3,NA,NA,NA,NA,0,0,0,0,0,0,0,0,1:20,0,0,0,0,0,0,0,0,0,NA,NA,NA,NA,NA,NA,NA,NA,NA,NA,KICKOFF
GB,1,PHI,3,4,1,PHI 16,PHI 20,FUMBLE,2,7,PHI 19,07:46,-2,(7:46) (Shotgun) 1-J.Hurts pass short left to 88-D.Goedert to PHI 20 for 1 yard (20-J.Bullard).,pass,1,1,0,1,0,0,0,J.Hurts,1,D.Goedert,1,NA,NA,short,left,-3,4,0,0,0,0,0,0,0,0,1:20,0,0,0,0,0,0,0,0,0,NA,NA,NA,NA,NA,NA,NA,NA,NA,NA,KICKOFF
GB,1,PHI,3,4,1,PHI 16,PHI 20,FUMBLE,3,6,PHI 20,07:11,-2,"(7:11) (No Huddle, Shotgun) 1-J.Hurts FUMBLES (Aborted) at PHI 15, touched at PHI 14, RECOVERED by GB-95-D.Wyatt at PHI 13.",run,0,1,1,0,0,0,0,NA,NA,NA,NA,J.Hurts,0,NA,NA,NA,NA,0,0,0,1,0,0,0,0,1:20,0,0,0,0,0,0,0,0,0,NA,NA,NA,NA,J.Hurts,NA,NA,NA,NA,NA,KICKOFF
GB,1,GB,8,5,1,PHI 13,PHI 5,FIELD_GOAL,1,10,PHI 13,07:06,8,"(7:06) 8-J.Jacobs right end to PHI 5 for 8 yards (2-D.Slay). PENALTY on GB-85-T.Kraft, Offensive Holding, 10 yards, enforced at PHI 13 - No Play.",no_play,0,0,0,0,0,0,0,NA,NA,NA,NA,NA,NA,NA,NA,NA,NA,0,0,0,0,0,0,0,0,4:05,1,1,1,-20,0,0,0,0,0,NA,NA,NA,NA,NA,NA,NA,NA,NA,Offensive Holding,FUMBLE
GB,1,GB,8,5,1,PHI 13,PHI 5,FIELD_GOAL,1,20,PHI 23,06:43,8,(6:43) (Shotgun) 10-J.Love pass short right to 11-J.Reed to PHI 14 for 9 yards (32-R.Blankenship; 53-Z.Baun).,pass,9,1,0,1,0,0,0,J.Love,9,J.Reed,9,NA,NA,short,right,-4,13,0,0,0,0,0,0,0,0,4:05,1,1,1,-20,0,0,0,0,0,NA,NA,NA,NA,NA,NA,NA,NA,NA,NA,FUMBLE
GB,1,GB,8,5,1,PHI 13,PHI 5,FIELD_GOAL,2,11,PHI 14,05:58,8,(5:58) (Shotgun) 10-J.Love pass short right to 87-R.Doubs to PHI 4 for 10 yards (2-D.Slay).,pass,10,1,0,1,0,0,0,J.Love,10,R.Doubs,10,NA,NA,short,right,7,3,0,0,0,0,0,0,0,0,4:05,1,1,1,-20,0,0,0,0,0,NA,NA,NA,NA,NA,NA,NA,NA,NA,NA,FUMBLE
GB,1,GB,8,5,1,PHI 13,PHI 5,FIELD_GOAL,3,1,PHI 4,05:27,8,"(5:27) 8-J.Jacobs up the middle to PHI 5 for -1 yards (17-N.Dean, 55-B.Graham).",run,-1,0,0,0,0,0,0,NA,NA,NA,NA,J.Jacobs,-1,NA,NA,NA,NA,0,0,0,1,0,0,0,0,4:05,1,1,1,-20,0,0,0,0,0,N.Dean,NA,NA,NA,NA,NA,NA,NA,NA,NA,FUMBLE
GB,1,GB,8,5,1,PHI 13,PHI 5,FIELD_GOAL,4,2,PHI 5,04:44,8,(4:44) 8-J.Jacobs right tackle to PHI 3 for 2 yards (8-C.Gardner-Johnson; 53-Z.Baun).,run,2,0,0,0,0,0,0,NA,NA,NA,NA,J.Jacobs,2,NA,NA,NA,NA,0,0,0,0,1,0,0,0,4:05,1,1,1,-20,0,0,0,0,0,NA,NA,NA,NA,NA,NA,NA,NA,NA,NA,FUMBLE
GB,1,NA,8,5,1,PHI 13,PHI 5,FIELD_GOAL,NA,0,PHI 3,03:58,8,Timeout #2 by GB at 03:58.,no_play,0,0,0,0,0,0,0,NA,NA,NA,NA,NA,NA,NA,NA,NA,NA,0,0,0,0,0,0,0,0,4:05,1,1,1,-20,0,0,0,0,0,NA,NA,NA,NA,NA,NA,NA,NA,NA,NA,FUMBLE
GB,1,GB,8,5,1,PHI 13,PHI 5,FIELD_GOAL,1,3,PHI 3,03:58,8,"(3:58) (Shotgun) 10-J.Love pass incomplete short left to 9-C.Watson (32-R.Blankenship). PENALTY on GB-87-R.Doubs, Offensive Pass Interference, 10 yards, enforced at PHI 3 - No Play.",no_play,0,1,0,0,0,0,0,NA,NA,NA,NA,NA,NA,NA,NA,NA,NA,1,0,0,0,0,0,0,0,4:05,1,1,1,-20,0,0,0,0,0,NA,NA,NA,NA,NA,NA,NA,NA,NA,Offensive Pass Interference,FUMBLE
GB,1,GB,8,5,1,PHI 13,PHI 5,FIELD_GOAL,1,13,PHI 13,03:53,8,"(3:53) (Shotgun) 10-J.Love pass short right to 85-T.Kraft pushed ob at PHI 5 for 8 yards (8-C.Gardner-Johnson, 98-J.Carter).",pass,8,1,0,1,0,0,0,J.Love,8,T.Kraft,8,NA,NA,short,right,1,7,1,0,0,0,0,0,0,0,4:05,1,1,1,-20,0,0,0,0,0,NA,NA,NA,NA,NA,NA,NA,NA,NA,NA,FUMBLE
GB,1,GB,8,5,1,PHI 13,PHI 5,FIELD_GOAL,2,5,PHI 5,03:15,8,(3:15) 10-J.Love pass incomplete short right [19-J.Sweat].,pass,0,0,0,1,0,0,0,J.Love,NA,NA,NA,NA,NA,short,right,5,NA,1,0,0,0,0,0,1,0,4:05,1,1,1,-20,0,0,0,0,0,NA,NA,J.Sweat,NA,NA,NA,NA,NA,NA,NA,FUMBLE
GB,1,GB,8,5,1,PHI 13,PHI 5,FIELD_GOAL,3,5,PHI 5,03:09,8,(3:09) (Shotgun) 10-J.Love pass incomplete short right to 9-C.Watson.,pass,0,1,0,1,0,0,0,J.Love,NA,C.Watson,NA,NA,NA,short,right,5,NA,1,0,0,1,0,0,1,0,4:05,1,1,1,-20,0,0,0,0,0,NA,NA,NA,NA,NA,NA,NA,NA,NA,NA,FUMBLE
GB,1,GB,8,5,1,PHI 13,PHI 5,FIELD_GOAL,4,5,PHI 5,03:04,8,"(3:04) 44-B.Narveson 23 yard field goal is GOOD, Center-42-M.Orzech, Holder-19-D.Whelan.",field_goal,0,0,0,0,0,0,0,NA,NA,NA,NA,NA,NA,NA,NA,NA,NA,1,0,0,0,0,0,0,0,4:05,1,1,1,-20,0,0,0,0,0,NA,NA,NA,NA,NA,NA,NA,NA,NA,NA,FUMBLE
GB,1,PHI,11,6,1,PHI 30,GB 18,TOUCHDOWN,NA,0,GB 35,03:01,70,"44-B.Narveson kicks 65 yards from GB 35 to end zone, Touchback to the PHI 30.",kickoff,0,0,0,0,0,0,0,NA,NA,NA,NA,NA,NA,NA,NA,NA,NA,0,0,0,0,0,0,0,0,5:23,5,1,1,6,0,0,0,0,0,NA,NA,NA,NA,NA,NA,NA,NA,NA,NA,KICKOFF
GB,1,PHI,11,6,1,PHI 30,GB 18,TOUCHDOWN,1,10,PHI 30,03:01,70,(3:01) (Shotgun) 1-J.Hurts pass short right to 88-D.Goedert to PHI 34 for 4 yards (23-J.Alexander).,pass,4,1,0,1,0,0,0,J.Hurts,4,D.Goedert,4,NA,NA,short,right,3,1,0,0,0,0,0,0,0,0,5:23,5,1,1,6,0,0,0,0,0,NA,NA,NA,NA,NA,NA,NA,NA,NA,NA,KICKOFF
GB,1,PHI,11,6,1,PHI 30,GB 18,TOUCHDOWN,2,6,PHI 34,02:23,70,(2:23) (Shotgun) 26-S.Barkley left tackle to PHI 39 for 5 yards (7-Q.Walker).,run,5,1,0,0,0,0,0,NA,NA,NA,NA,S.Barkley,5,NA,NA,NA,NA,0,0,0,0,0,0,0,0,5:23,5,1,1,6,0,0,0,0,0,NA,NA,NA,NA,NA,NA,NA,NA,NA,NA,KICKOFF
GB,1,PHI,11,6,1,PHI 30,GB 18,TOUCHDOWN,3,1,PHI 39,01:40,70,"(1:40) (Shotgun) 1-J.Hurts pass short left to 11-A.Brown to PHI 47 for 8 yards (23-J.Alexander). Penalty on GB-97-K.Clark, Defensive Offside, declined.",pass,8,1,0,1,0,0,0,J.Hurts,8,A.Brown,8,NA,NA,short,left,6,2,0,1,1,0,0,0,0,0,5:23,5,1,1,6,0,0,0,0,0,NA,NA,NA,NA,NA,NA,NA,NA,NA,NA,KICKOFF
GB,1,PHI,11,6,1,PHI 30,GB 18,TOUCHDOWN,1,10,PHI 47,01:21,70,(1:21) (Shotgun) 1-J.Hurts right end pushed ob at PHI 49 for 2 yards (25-K.Nixon).,run,2,1,0,0,0,0,0,NA,NA,NA,NA,J.Hurts,2,NA,NA,NA,NA,0,0,0,0,0,0,0,0,5:23,5,1,1,6,0,0,0,0,0,NA,NA,NA,NA,NA,NA,NA,NA,NA,NA,KICKOFF
GB,1,PHI,11,6,1,PHI 30,GB 18,TOUCHDOWN,2,8,PHI 49,00:40,70,(:40) (Shotgun) 1-J.Hurts pass short right to 6-D.Smith to GB 43 for 8 yards (94-K.Brooks; 7-Q.Walker).,pass,8,1,0,1,0,0,0,J.Hurts,8,D.Smith,8,NA,NA,short,right,3,5,0,1,0,0,0,0,0,0,5:23,5,1,1,6,0,0,0,0,0,NA,NA,NA,NA,NA,NA,NA,NA,NA,NA,KICKOFF
GB,1,PHI,11,6,1,PHI 30,GB 18,TOUCHDOWN,1,10,GB 43,00:06,70,"(:06) (No Huddle, Shotgun) 1-J.Hurts pass short left to 6-D.Smith pushed ob at GB 34 for 9 yards (25-K.Nixon).",pass,9,1,1,1,0,0,0,J.Hurts,9,D.Smith,9,NA,NA,short,left,-2,11,0,0,0,0,0,0,0,0,5:23,5,1,1,6,0,0,0,0,0,NA,NA,NA,NA,NA,NA,NA,NA,NA,NA,KICKOFF
GB,1,PHI,11,6,1,PHI 30,GB 18,TOUCHDOWN,NA,0,GB 34,00:00,70,END QUARTER 1,NA,NA,0,0,NA,0,0,0,NA,NA,NA,NA,NA,NA,NA,NA,NA,NA,0,NA,NA,NA,NA,NA,NA,NA,5:23,5,1,1,6,NA,NA,NA,NA,NA,NA,NA,NA,NA,NA,NA,NA,NA,NA,NA,KICKOFF
GB,1,PHI,11,6,2,PHI 30,GB 18,TOUCHDOWN,2,1,GB 34,15:00,70,(15:00) (Shotgun) 1-J.Hurts pass incomplete short right.,pass,0,1,0,1,0,0,0,J.Hurts,NA,NA,NA,NA,NA,short,right,4,NA,0,0,0,0,0,0,1,0,5:23,5,1,1,6,0,0,0,0,0,NA,NA,NA,NA,NA,NA,NA,NA,NA,NA,KICKOFF
GB,1,PHI,11,6,2,PHI 30,GB 18,TOUCHDOWN,3,1,GB 34,14:54,70,(14:54) (No Huddle) 1-J.Hurts up the middle to GB 34 for no gain (7-Q.Walker).,run,0,0,1,0,0,0,0,NA,NA,NA,NA,J.Hurts,0,NA,NA,NA,NA,0,0,0,1,0,0,0,0,5:23,5,1,1,6,0,0,0,0,0,NA,NA,NA,NA,NA,NA,NA,NA,NA,NA,KICKOFF
GB,1,PHI,11,6,2,PHI 30,GB 18,TOUCHDOWN,4,1,GB 34,14:21,70,"(14:21) (No Huddle) PENALTY on GB-93-T.Slaton, Encroachment, 6 yards, enforced at GB 34 - No Play.",no_play,0,0,1,0,0,0,0,NA,NA,NA,NA,NA,NA,NA,NA,NA,NA,0,0,0,0,0,0,0,0,5:23,5,1,1,6,0,0,0,0,0,NA,NA,NA,NA,NA,NA,NA,NA,NA,Encroachment,KICKOFF
GB,1,PHI,11,6,2,PHI 30,GB 18,TOUCHDOWN,1,10,GB 28,14:08,70,(14:08) (Shotgun) 26-S.Barkley up the middle to GB 17 for 11 yards (29-X.McKinney).,run,11,1,0,0,0,0,0,NA,NA,NA,NA,S.Barkley,11,NA,NA,NA,NA,0,0,0,0,0,0,0,0,5:23,5,1,1,6,0,0,0,0,0,NA,NA,NA,NA,NA,NA,NA,NA,NA,NA,KICKOFF
GB,1,PHI,11,6,2,PHI 30,GB 18,TOUCHDOWN,1,10,GB 17,13:27,70,"(13:27) 26-S.Barkley up the middle to GB 18 for -1 yards (45-Er.Wilson, 93-T.Slaton).",run,-1,0,0,0,0,0,0,NA,NA,NA,NA,S.Barkley,-1,NA,NA,NA,NA,0,0,0,0,0,0,0,0,5:23,5,1,1,6,0,0,0,0,0,Er.Wilson,NA,NA,NA,NA,NA,NA,NA,NA,NA,KICKOFF
GB,1,PHI,11,6,2,PHI 30,GB 18,TOUCHDOWN,2,11,GB 18,12:43,70,"(12:43) (Shotgun) 1-J.Hurts pass deep left to 26-S.Barkley for 18 yards, TOUCHDOWN.",pass,18,1,0,1,0,0,0,J.Hurts,18,S.Barkley,18,NA,NA,deep,left,18,0,0,1,0,0,0,0,0,0,5:23,5,1,1,6,0,0,0,0,0,NA,NA,NA,NA,NA,NA,NA,NA,NA,NA,KICKOFF
GB,1,PHI,11,6,2,PHI 30,GB 18,TOUCHDOWN,NA,0,GB 15,12:38,70,"4-J.Elliott extra point is GOOD, Center-49-R.Lovato, Holder-10-B.Mann.",extra_point,0,0,0,0,0,0,0,NA,NA,NA,NA,NA,NA,NA,NA,NA,NA,0,0,0,0,0,0,0,0,5:23,5,1,1,6,0,0,0,0,0,NA,NA,NA,NA,NA,NA,NA,NA,NA,NA,KICKOFF
GB,1,GB,5,7,2,GB 30,PHI 33,TOUCHDOWN,NA,0,PHI 35,12:38,70,"10-B.Mann kicks 65 yards from PHI 35 to end zone, Touchback to the GB 30.",kickoff,0,0,0,0,0,0,0,NA,NA,NA,NA,NA,NA,NA,NA,NA,NA,0,0,0,0,0,0,0,0,2:22,3,0,1,0,0,0,0,0,0,NA,NA,NA,NA,NA,NA,NA,NA,NA,NA,KICKOFF
GB,1,GB,5,7,2,GB 30,PHI 33,TOUCHDOWN,1,10,GB 30,12:38,70,(12:38) 10-J.Love pass incomplete deep middle to 13-D.Wicks.,pass,0,0,0,1,0,0,0,J.Love,NA,D.Wicks,NA,NA,NA,deep,middle,20,NA,0,0,0,0,0,0,1,0,2:22,3,0,1,0,0,0,0,0,0,NA,NA,NA,NA,NA,NA,NA,NA,NA,NA,KICKOFF
GB,1,GB,5,7,2,GB 30,PHI 33,TOUCHDOWN,2,10,GB 30,12:33,70,(12:33) (Shotgun) 31-Em.Wilson left tackle to GB 44 for 14 yards (32-R.Blankenship).,run,14,1,0,0,0,0,0,NA,NA,NA,NA,Em.Wilson,14,NA,NA,NA,NA,0,0,0,0,0,0,0,0,2:22,3,0,1,0,0,0,0,0,0,NA,NA,NA,NA,NA,NA,NA,NA,NA,NA,KICKOFF
GB,1,GB,5,7,2,GB 30,PHI 33,TOUCHDOWN,1,10,GB 44,11:57,70,(11:57) (Shotgun) 31-Em.Wilson left end to GB 49 for 5 yards (53-Z.Baun).,run,5,1,0,0,0,0,0,NA,NA,NA,NA,Em.Wilson,5,NA,NA,NA,NA,0,0,0,0,0,0,0,0,2:22,3,0,1,0,0,0,0,0,0,NA,NA,NA,NA,NA,NA,NA,NA,NA,NA,KICKOFF
GB,1,GB,5,7,2,GB 30,PHI 33,TOUCHDOWN,2,5,GB 49,11:13,70,(11:13) (Shotgun) 31-Em.Wilson up the middle to PHI 33 for 18 yards (53-Z.Baun).,run,18,1,0,0,0,0,0,NA,NA,NA,NA,Em.Wilson,18,NA,NA,NA,NA,0,0,0,0,0,0,0,0,2:22,3,0,1,0,0,0,0,0,0,NA,NA,NA,NA,NA,NA,NA,NA,NA,NA,KICKOFF
GB,1,NA,5,7,2,GB 30,PHI 33,TOUCHDOWN,NA,0,PHI 33,10:24,70,Timeout #3 by GB at 10:24.,no_play,0,0,0,0,0,0,0,NA,NA,NA,NA,NA,NA,NA,NA,NA,NA,0,0,0,0,0,0,0,0,2:22,3,0,1,0,0,0,0,0,0,NA,NA,NA,NA,NA,NA,NA,NA,NA,NA,KICKOFF
GB,1,GB,5,7,2,GB 30,PHI 33,TOUCHDOWN,1,10,PHI 33,10:24,70,"(10:24) (Shotgun) 11-J.Reed right end for 33 yards, TOUCHDOWN.",run,33,1,0,0,0,0,0,NA,NA,NA,NA,J.Reed,33,NA,NA,NA,NA,0,0,0,0,0,0,0,0,2:22,3,0,1,0,0,0,0,0,0,NA,NA,NA,NA,NA,NA,NA,NA,NA,NA,KICKOFF
GB,1,GB,5,7,2,GB 30,PHI 33,TOUCHDOWN,NA,0,PHI 15,10:16,70,"44-B.Narveson extra point is GOOD, Center-42-M.Orzech, Holder-19-D.Whelan. PENALTY on PHI-98-J.Carter, Defensive Offside, 1 yard, enforced at PHI 15 - No Play.",no_play,0,0,0,0,0,0,0,NA,NA,NA,NA,NA,NA,NA,NA,NA,NA,0,0,0,0,0,0,0,0,2:22,3,0,1,0,0,0,0,0,0,NA,NA,NA,NA,NA,NA,NA,NA,NA,Defensive Offside,KICKOFF
GB,1,GB,5,7,2,GB 30,PHI 33,TOUCHDOWN,NA,0,PHI 1,10:16,70,77-J.Morgan reported in as eligible. TWO-POINT CONVERSION ATTEMPT. 8-J.Jacobs rushes left tackle. ATTEMPT FAILS.,run,0,0,0,0,0,0,0,NA,NA,NA,NA,J.Jacobs,NA,NA,NA,NA,NA,0,0,0,0,0,0,0,0,2:22,3,0,1,0,0,0,0,0,0,NA,NA,NA,NA,NA,NA,NA,NA,NA,NA,KICKOFF
GB,1,PHI,9,8,2,PHI 30,GB 11,TOUCHDOWN,NA,0,GB 35,10:16,70,"44-B.Narveson kicks 65 yards from GB 35 to end zone, Touchback to the PHI 30.",kickoff,0,0,0,0,0,0,0,NA,NA,NA,NA,NA,NA,NA,NA,NA,NA,0,0,0,0,0,0,0,0,4:42,4,1,1,0,0,0,0,0,0,NA,NA,NA,NA,NA,NA,NA,NA,NA,NA,KICKOFF
GB,1,PHI,9,8,2,PHI 30,GB 11,TOUCHDOWN,1,10,PHI 30,10:16,70,"(10:16) (Shotgun) 26-S.Barkley left tackle to PHI 32 for 2 yards (94-K.Brooks, 58-I.McDuffie).",run,2,1,0,0,0,0,0,NA,NA,NA,NA,S.Barkley,2,NA,NA,NA,NA,0,0,0,0,0,0,0,0,4:42,4,1,1,0,0,0,0,0,0,NA,NA,NA,NA,NA,NA,NA,NA,NA,NA,KICKOFF
GB,1,PHI,9,8,2,PHI 30,GB 11,TOUCHDOWN,2,8,PHI 32,09:33,70,(9:33) (Shotgun) 1-J.Hurts pass incomplete deep right [52-R.Gary].,pass,0,1,0,1,0,0,0,J.Hurts,NA,NA,NA,NA,NA,deep,right,18,NA,0,0,0,0,0,0,1,0,4:42,4,1,1,0,0,0,0,0,0,NA,NA,R.Gary,NA,NA,NA,NA,NA,NA,NA,KICKOFF
GB,1,PHI,9,8,2,PHI 30,GB 11,TOUCHDOWN,3,8,PHI 32,09:26,70,"(9:26) (No Huddle, Shotgun) 1-J.Hurts pass short left to 11-A.Brown ran ob at GB 48 for 20 yards (29-X.McKinney) [25-K.Nixon].",pass,20,1,1,1,0,0,0,J.Hurts,20,A.Brown,20,NA,NA,short,left,4,16,0,1,1,0,0,0,0,0,4:42,4,1,1,0,0,0,0,0,0,NA,NA,K.Nixon,NA,NA,NA,NA,NA,NA,NA,KICKOFF
GB,1,PHI,9,8,2,PHI 30,GB 11,TOUCHDOWN,1,10,GB 48,08:47,70,"(8:47) (No Huddle, Shotgun) 1-J.Hurts right end to GB 47 for 1 yard (7-Q.Walker).",run,1,1,1,0,0,0,0,NA,NA,NA,NA,J.Hurts,1,NA,NA,NA,NA,0,0,0,0,0,0,0,0,4:42,4,1,1,0,0,0,0,0,0,NA,NA,NA,NA,NA,NA,NA,NA,NA,NA,KICKOFF
GB,1,PHI,9,8,2,PHI 30,GB 11,TOUCHDOWN,2,9,GB 47,08:04,70,(8:04) (Shotgun) 1-J.Hurts pass short left to 6-D.Smith to GB 22 for 25 yards (20-J.Bullard).,pass,25,1,0,1,0,0,0,J.Hurts,25,D.Smith,25,NA,NA,short,left,13,12,0,1,0,0,0,0,0,0,4:42,4,1,1,0,0,0,0,0,0,NA,NA,NA,NA,NA,NA,NA,NA,NA,NA,KICKOFF
GB,1,PHI,9,8,2,PHI 30,GB 11,TOUCHDOWN,1,10,GB 22,07:19,70,(7:19) (Shotgun) 1-J.Hurts pass short left to 26-S.Barkley pushed ob at GB 17 for 5 yards (7-Q.Walker).,pass,5,1,0,1,0,0,0,J.Hurts,5,S.Barkley,5,NA,NA,short,left,2,3,0,0,0,0,0,0,0,0,4:42,4,1,1,0,0,0,0,0,0,NA,NA,NA,NA,NA,NA,NA,NA,NA,NA,KICKOFF
GB,1,PHI,9,8,2,PHI 30,GB 11,TOUCHDOWN,2,5,GB 17,06:40,70,"(6:40) (Shotgun) 1-J.Hurts right guard to GB 13 for 4 yards (56-E.Cooper, 93-T.Slaton).",run,4,1,0,0,0,0,0,NA,NA,NA,NA,J.Hurts,4,NA,NA,NA,NA,0,0,0,0,0,0,0,0,4:42,4,1,1,0,0,0,0,0,0,NA,NA,NA,NA,NA,NA,NA,NA,NA,NA,KICKOFF
GB,1,PHI,9,8,2,PHI 30,GB 11,TOUCHDOWN,3,1,GB 13,06:08,70,(6:08) 1-J.Hurts up the middle to GB 11 for 2 yards (7-Q.Walker).,run,2,0,0,0,0,0,0,NA,NA,NA,NA,J.Hurts,2,NA,NA,NA,NA,0,0,1,0,0,0,0,0,4:42,4,1,1,0,0,0,0,0,0,NA,NA,NA,NA,NA,NA,NA,NA,NA,NA,KICKOFF
GB,1,PHI,9,8,2,PHI 30,GB 11,TOUCHDOWN,1,10,GB 11,05:38,70,"(5:38) (No Huddle, Shotgun) 26-S.Barkley right guard for 11 yards, TOUCHDOWN.",run,11,1,1,0,0,0,0,NA,NA,NA,NA,S.Barkley,11,NA,NA,NA,NA,0,0,0,0,0,0,0,0,4:42,4,1,1,0,0,0,0,0,0,NA,NA,NA,NA,NA,NA,NA,NA,NA,NA,KICKOFF
GB,1,PHI,9,8,2,PHI 30,GB 11,TOUCHDOWN,NA,0,GB 15,05:34,70,"4-J.Elliott extra point is GOOD, Center-49-R.Lovato, Holder-10-B.Mann.",extra_point,0,0,0,0,0,0,0,NA,NA,NA,NA,NA,NA,NA,NA,NA,NA,0,0,0,0,0,0,0,0,4:42,4,1,1,0,0,0,0,0,0,NA,NA,NA,NA,NA,NA,NA,NA,NA,NA,KICKOFF
GB,1,GB,3,9,2,GB 30,GB 30,TOUCHDOWN,NA,0,PHI 35,05:34,70,"10-B.Mann kicks 65 yards from PHI 35 to end zone, Touchback to the GB 30.",kickoff,0,0,0,0,0,0,0,NA,NA,NA,NA,NA,NA,NA,NA,NA,NA,0,0,0,0,0,0,0,0,0:23,1,0,1,0,0,0,0,0,0,NA,NA,NA,NA,NA,NA,NA,NA,NA,NA,KICKOFF
GB,1,GB,3,9,2,GB 30,GB 30,TOUCHDOWN,1,10,GB 30,05:34,70,(5:34) (Shotgun) 10-J.Love pass incomplete short right to 8-J.Jacobs.,pass,0,1,0,1,0,0,0,J.Love,NA,J.Jacobs,NA,NA,NA,short,right,-2,NA,0,0,0,0,0,0,1,0,0:23,1,0,1,0,0,0,0,0,0,NA,NA,NA,NA,NA,NA,NA,NA,NA,NA,KICKOFF
GB,1,GB,3,9,2,GB 30,GB 30,TOUCHDOWN,2,10,GB 30,05:29,70,(5:29) (Shotgun) 10-J.Love pass incomplete deep left to 88-L.Musgrave (27-Q.Mitchell).,pass,0,1,0,1,0,0,0,J.Love,NA,L.Musgrave,NA,NA,NA,deep,left,20,NA,0,0,0,0,0,0,1,0,0:23,1,0,1,0,0,0,0,0,0,NA,NA,NA,Q.Mitchell,NA,NA,NA,NA,NA,NA,KICKOFF
GB,1,GB,3,9,2,GB 30,GB 30,TOUCHDOWN,3,10,GB 30,05:22,70,"(5:22) (Shotgun) 10-J.Love pass deep right to 11-J.Reed for 70 yards, TOUCHDOWN.",pass,70,1,0,1,0,0,0,J.Love,70,J.Reed,70,NA,NA,deep,right,31,39,0,1,1,0,0,0,0,0,0:23,1,0,1,0,0,0,0,0,0,NA,NA,NA,NA,NA,NA,NA,NA,NA,NA,KICKOFF
GB,1,GB,3,9,2,GB 30,GB 30,TOUCHDOWN,NA,0,PHI 15,05:11,70,"(Kick formation) PENALTY on GB-63-R.Walker, False Start, 5 yards, enforced at PHI 15 - No Play.",no_play,0,0,0,0,0,0,0,NA,NA,NA,NA,NA,NA,NA,NA,NA,NA,0,0,0,0,0,0,0,0,0:23,1,0,1,0,0,0,0,0,0,NA,NA,NA,NA,NA,NA,NA,NA,NA,False Start,KICKOFF
GB,1,GB,3,9,2,GB 30,GB 30,TOUCHDOWN,NA,0,PHI 20,05:11,70,"44-B.Narveson extra point is GOOD, Center-42-M.Orzech, Holder-19-D.Whelan.",extra_point,0,0,0,0,0,0,0,NA,NA,NA,NA,NA,NA,NA,NA,NA,NA,0,0,0,0,0,0,0,0,0:23,1,0,1,0,0,0,0,0,0,NA,NA,NA,NA,NA,NA,NA,NA,NA,NA,KICKOFF
GB,1,PHI,15,10,2,PHI 23,GB 20,FIELD_GOAL,NA,0,GB 35,05:11,57,44-B.Narveson kicks 71 yards from GB 35 to PHI -6. 14-K.Gainwell to PHI 23 for 29 yards (39-Z.Anderson).,kickoff,0,0,0,0,0,0,0,NA,NA,NA,NA,NA,NA,NA,NA,NA,NA,0,0,0,0,0,0,0,0,5:11,4,1,1,-5,0,0,0,0,0,NA,NA,NA,NA,NA,NA,NA,NA,NA,NA,KICKOFF
GB,1,PHI,15,10,2,PHI 23,GB 20,FIELD_GOAL,1,10,PHI 23,05:06,57,(5:06) (Shotgun) 1-J.Hurts pass incomplete short middle to 11-A.Brown.,pass,0,1,0,1,0,0,0,J.Hurts,NA,A.Brown,NA,NA,NA,short,middle,15,NA,0,0,0,0,0,0,1,0,5:11,4,1,1,-5,0,0,0,0,0,NA,NA,NA,NA,NA,NA,NA,NA,NA,NA,KICKOFF
GB,1,PHI,15,10,2,PHI 23,GB 20,FIELD_GOAL,2,10,PHI 23,05:01,57,(5:01) (Shotgun) 1-J.Hurts pass short left to 11-A.Brown to PHI 36 for 13 yards (23-J.Alexander).,pass,13,1,0,1,0,0,0,J.Hurts,13,A.Brown,13,NA,NA,short,left,12,1,0,1,0,0,0,0,0,0,5:11,4,1,1,-5,0,0,0,0,0,NA,NA,NA,NA,NA,NA,NA,NA,NA,NA,KICKOFF
GB,1,PHI,15,10,2,PHI 23,GB 20,FIELD_GOAL,1,10,PHI 36,04:20,57,"(4:20) (No Huddle, Shotgun) 1-J.Hurts pass incomplete short right.",pass,0,1,1,1,0,0,0,J.Hurts,NA,NA,NA,NA,NA,short,right,7,NA,0,0,0,0,0,0,1,0,5:11,4,1,1,-5,0,0,0,0,0,NA,NA,NA,NA,NA,NA,NA,NA,NA,NA,KICKOFF
GB,1,PHI,15,10,2,PHI 23,GB 20,FIELD_GOAL,2,10,PHI 36,04:11,57,(4:11) (Shotgun) 26-S.Barkley right tackle to PHI 39 for 3 yards (94-K.Brooks).,run,3,1,0,0,0,0,0,NA,NA,NA,NA,S.Barkley,3,NA,NA,NA,NA,0,0,0,0,0,0,0,0,5:11,4,1,1,-5,0,0,0,0,0,NA,NA,NA,NA,NA,NA,NA,NA,NA,NA,KICKOFF
GB,1,PHI,15,10,2,PHI 23,GB 20,FIELD_GOAL,3,7,PHI 39,03:34,57,"(3:34) (No Huddle, Shotgun) 1-J.Hurts pass short left to 88-D.Goedert pushed ob at GB 40 for 21 yards (23-J.Alexander).",pass,21,1,1,1,0,0,0,J.Hurts,21,D.Goedert,21,NA,NA,short,left,2,19,0,1,1,0,0,0,0,0,5:11,4,1,1,-5,0,0,0,0,0,NA,NA,NA,NA,NA,NA,NA,NA,NA,NA,KICKOFF
GB,1,PHI,15,10,2,PHI 23,GB 20,FIELD_GOAL,1,10,GB 40,02:55,57,"(2:55) (No Huddle, Shotgun) 26-S.Barkley up the middle to GB 38 for 2 yards (90-L.Van Ness).",run,2,1,1,0,0,0,0,NA,NA,NA,NA,S.Barkley,2,NA,NA,NA,NA,0,0,0,0,0,0,0,0,5:11,4,1,1,-5,0,0,0,0,0,NA,NA,NA,NA,NA,NA,NA,NA,NA,NA,KICKOFF
GB,1,PHI,15,10,2,PHI 23,GB 20,FIELD_GOAL,2,8,GB 38,02:12,57,(2:12) (Shotgun) 1-J.Hurts pass incomplete deep right to 89-J.Wilson.,pass,0,1,0,1,0,0,0,J.Hurts,NA,J.Wilson,NA,NA,NA,deep,right,31,NA,0,0,0,0,0,0,1,0,5:11,4,1,1,-5,0,0,0,0,0,NA,NA,NA,NA,NA,NA,NA,NA,NA,NA,KICKOFF
GB,1,PHI,15,10,2,PHI 23,GB 20,FIELD_GOAL,3,8,GB 38,02:03,57,(2:03) (Shotgun) 1-J.Hurts up the middle to GB 33 for 5 yards (52-R.Gary; 97-K.Clark).,run,5,1,0,0,0,0,0,NA,NA,NA,NA,J.Hurts,5,NA,NA,NA,NA,0,0,0,1,0,0,0,0,5:11,4,1,1,-5,0,0,0,0,0,NA,NA,NA,NA,NA,NA,NA,NA,NA,NA,KICKOFF
GB,1,NA,15,10,2,PHI 23,GB 20,FIELD_GOAL,NA,0,GB 33,01:59,57,Timeout #1 by PHI at 01:59.,no_play,0,0,0,0,0,0,0,NA,NA,NA,NA,NA,NA,NA,NA,NA,NA,0,0,0,0,0,0,0,0,5:11,4,1,1,-5,0,0,0,0,0,NA,NA,NA,NA,NA,NA,NA,NA,NA,NA,KICKOFF
GB,1,PHI,15,10,2,PHI 23,GB 20,FIELD_GOAL,4,3,GB 33,01:59,57,(1:59) (Shotgun) 1-J.Hurts pass short left to 6-D.Smith to GB 26 for 7 yards (58-I.McDuffie).,pass,7,1,0,1,0,0,0,J.Hurts,7,D.Smith,7,NA,NA,short,left,7,0,0,1,0,0,1,0,0,0,5:11,4,1,1,-5,0,0,0,0,0,NA,NA,NA,NA,NA,NA,NA,NA,NA,NA,KICKOFF
GB,1,PHI,15,10,2,PHI 23,GB 20,FIELD_GOAL,1,10,GB 26,01:24,57,"(1:24) (No Huddle, Shotgun) 14-K.Gainwell up the middle to GB 24 for 2 yards (97-K.Clark).",run,2,1,1,0,0,0,0,NA,NA,NA,NA,K.Gainwell,2,NA,NA,NA,NA,0,0,0,0,0,0,0,0,5:11,4,1,1,-5,0,0,0,0,0,NA,NA,NA,NA,NA,NA,NA,NA,NA,NA,KICKOFF
GB,1,PHI,15,10,2,PHI 23,GB 20,FIELD_GOAL,2,8,GB 24,00:54,57,"(:54) (No Huddle, Shotgun) 1-J.Hurts pass short left to 14-K.Gainwell to GB 14 for 10 yards (29-X.McKinney; 7-Q.Walker).",pass,10,1,1,1,0,0,0,J.Hurts,10,K.Gainwell,10,NA,NA,short,left,-4,14,0,1,0,0,0,0,0,0,5:11,4,1,1,-5,0,0,0,0,0,NA,NA,NA,NA,NA,NA,NA,NA,NA,NA,KICKOFF
GB,1,NA,15,10,2,PHI 23,GB 20,FIELD_GOAL,NA,0,GB 14,00:43,57,Timeout #2 by PHI at 00:43.,no_play,0,0,0,0,0,0,0,NA,NA,NA,NA,NA,NA,NA,NA,NA,NA,0,0,0,0,0,0,0,0,5:11,4,1,1,-5,0,0,0,0,0,NA,NA,NA,NA,NA,NA,NA,NA,NA,NA,KICKOFF
GB,1,PHI,15,10,2,PHI 23,GB 20,FIELD_GOAL,1,10,GB 14,00:43,57,(:43) (Shotgun) 1-J.Hurts sacked at GB 20 for -6 yards (25-K.Nixon).,pass,-6,1,0,1,0,0,0,J.Hurts,NA,NA,NA,NA,NA,NA,NA,NA,NA,0,0,0,0,0,0,0,0,5:11,4,1,1,-5,0,0,0,0,0,K.Nixon,NA,K.Nixon,NA,NA,K.Nixon,NA,NA,NA,NA,KICKOFF
GB,1,NA,15,10,2,PHI 23,GB 20,FIELD_GOAL,NA,0,GB 20,00:31,57,Timeout #3 by PHI at 00:31.,no_play,0,0,0,0,0,0,0,NA,NA,NA,NA,NA,NA,NA,NA,NA,NA,0,0,0,0,0,0,0,0,5:11,4,1,1,-5,0,0,0,0,0,NA,NA,NA,NA,NA,NA,NA,NA,NA,NA,KICKOFF
GB,1,PHI,15,10,2,PHI 23,GB 20,FIELD_GOAL,2,16,GB 20,00:31,57,"(:31) (Shotgun) PENALTY on PHI-88-D.Goedert, False Start, 5 yards, enforced at GB 20 - No Play.",no_play,0,1,0,0,0,0,0,NA,NA,NA,NA,NA,NA,NA,NA,NA,NA,0,0,0,0,0,0,0,0,5:11,4,1,1,-5,0,0,0,0,0,NA,NA,NA,NA,NA,NA,NA,NA,NA,False Start,KICKOFF
GB,1,PHI,15,10,2,PHI 23,GB 20,FIELD_GOAL,2,21,GB 25,00:31,57,(:31) (Shotgun) 1-J.Hurts pass short left to 88-D.Goedert to GB 20 for 5 yards (20-J.Bullard).,pass,5,1,0,1,0,0,0,J.Hurts,5,D.Goedert,5,NA,NA,short,left,-2,7,0,0,0,0,0,0,0,0,5:11,4,1,1,-5,0,0,0,0,0,NA,NA,NA,NA,NA,NA,NA,NA,NA,NA,KICKOFF
GB,1,PHI,15,10,2,PHI 23,GB 20,FIELD_GOAL,3,16,GB 20,00:05,57,(:05) (No Huddle) 1-J.Hurts spiked the ball to stop the clock.,qb_spike,0,0,1,0,0,1,0,J.Hurts,NA,NA,NA,NA,NA,NA,NA,-1,NA,0,0,0,1,0,0,1,0,5:11,4,1,1,-5,0,0,0,0,0,NA,NA,NA,NA,NA,NA,NA,NA,NA,NA,KICKOFF
GB,1,PHI,15,10,2,PHI 23,GB 20,FIELD_GOAL,4,16,GB 20,00:04,57,"(:04) 4-J.Elliott 38 yard field goal is GOOD, Center-49-R.Lovato, Holder-10-B.Mann.",field_goal,0,0,0,0,0,0,0,NA,NA,NA,NA,NA,NA,NA,NA,NA,NA,0,0,0,0,0,0,0,0,5:11,4,1,1,-5,0,0,0,0,0,NA,NA,NA,NA,NA,NA,NA,NA,NA,NA,KICKOFF
GB,1,NA,NA,NA,2,NA,NA,NA,NA,0,GB 35,00:00,NA,END QUARTER 2,NA,NA,0,0,NA,0,0,0,NA,NA,NA,NA,NA,NA,NA,NA,NA,NA,0,NA,NA,NA,NA,NA,NA,NA,NA,NA,NA,NA,NA,NA,NA,NA,NA,NA,NA,NA,NA,NA,NA,NA,NA,NA,NA,NA,NA
GB,1,PHI,2,11,3,PHI 30,PHI 33,TOUCHDOWN,NA,0,GB 35,15:00,70,"44-B.Narveson kicks 65 yards from GB 35 to end zone, Touchback to the PHI 30.",kickoff,0,0,0,0,0,0,0,NA,NA,NA,NA,NA,NA,NA,NA,NA,NA,0,0,0,0,0,0,0,0,0:51,1,0,1,0,0,0,0,0,0,NA,NA,NA,NA,NA,NA,NA,NA,NA,NA,KICKOFF
GB,1,PHI,2,11,3,PHI 30,PHI 33,TOUCHDOWN,1,10,PHI 30,15:00,70,(15:00) (Shotgun) 26-S.Barkley right tackle to PHI 33 for 3 yards (45-Er.Wilson).,run,3,1,0,0,0,0,0,NA,NA,NA,NA,S.Barkley,3,NA,NA,NA,NA,0,0,0,0,0,0,0,0,0:51,1,0,1,0,0,0,0,0,0,NA,NA,NA,NA,NA,NA,NA,NA,NA,NA,KICKOFF
GB,1,PHI,2,11,3,PHI 30,PHI 33,TOUCHDOWN,2,7,PHI 33,14:22,70,"(14:22) (Shotgun) 1-J.Hurts pass deep right to 11-A.Brown for 67 yards, TOUCHDOWN.",pass,67,1,0,1,0,0,0,J.Hurts,67,A.Brown,67,NA,NA,deep,right,25,42,0,1,0,0,0,0,0,0,0:51,1,0,1,0,0,0,0,0,0,NA,NA,NA,NA,NA,NA,NA,NA,NA,NA,KICKOFF
GB,1,PHI,2,11,3,PHI 30,PHI 33,TOUCHDOWN,NA,0,GB 15,14:09,70,"4-J.Elliott extra point is GOOD, Center-49-R.Lovato, Holder-10-B.Mann.",extra_point,0,0,0,0,0,0,0,NA,NA,NA,NA,NA,NA,NA,NA,NA,NA,0,0,0,0,0,0,0,0,0:51,1,0,1,0,0,0,0,0,0,NA,NA,NA,NA,NA,NA,NA,NA,NA,NA,KICKOFF
GB,1,GB,6,12,3,GB 30,PHI 2,TOUCHDOWN,NA,0,PHI 35,14:09,70,"10-B.Mann kicks 65 yards from PHI 35 to end zone, Touchback to the GB 30.",kickoff,0,0,0,0,0,0,0,NA,NA,NA,NA,NA,NA,NA,NA,NA,NA,0,0,0,0,0,0,0,0,2:14,4,1,1,29,0,0,0,0,0,NA,NA,NA,NA,NA,NA,NA,NA,NA,NA,KICKOFF
GB,1,GB,6,12,3,GB 30,PHI 2,TOUCHDOWN,1,10,GB 30,14:09,70,(14:09) 10-J.Love pass incomplete deep left.,pass,0,0,0,1,0,0,0,J.Love,NA,NA,NA,NA,NA,deep,left,20,NA,0,0,0,0,0,0,1,0,2:14,4,1,1,29,0,0,0,0,0,NA,NA,NA,NA,NA,NA,NA,NA,NA,NA,KICKOFF
GB,1,GB,6,12,3,GB 30,PHI 2,TOUCHDOWN,2,10,GB 30,13:59,70,"(13:59) (Shotgun) 8-J.Jacobs right guard to GB 35 for 5 yards (2-D.Slay). FUMBLES (2-D.Slay), recovered by GB-80-B.Melton at GB 39.",run,5,1,0,0,0,0,0,NA,NA,NA,NA,J.Jacobs,5,NA,NA,NA,NA,0,0,0,0,0,0,0,0,2:14,4,1,1,29,0,0,0,0,0,NA,NA,NA,NA,J.Jacobs,NA,NA,NA,NA,NA,KICKOFF
GB,1,GB,6,12,3,GB 30,PHI 2,TOUCHDOWN,3,1,GB 39,13:31,70,"(13:31) (No Huddle, Shotgun) 10-J.Love pass incomplete short left to 80-B.Melton. PENALTY on PHI-53-Z.Baun, Roughing the Passer, 16 yards, enforced at GB 39 - No Play. Penalty on PHI-27-Q.Mitchell, Defensive Pass Interference, declined.",no_play,0,1,1,0,0,0,0,NA,NA,NA,NA,NA,NA,NA,NA,NA,NA,0,0,0,0,0,0,0,0,2:14,4,1,1,29,0,0,0,0,0,NA,NA,NA,NA,NA,NA,NA,NA,NA,Roughing the Passer,KICKOFF
GB,1,GB,6,12,3,GB 30,PHI 2,TOUCHDOWN,1,10,PHI 45,13:25,70,(13:25) (Shotgun) 10-J.Love pass short left to 85-T.Kraft pushed ob at PHI 16 for 29 yards (32-R.Blankenship).,pass,29,1,0,1,0,0,0,J.Love,29,T.Kraft,29,NA,NA,short,left,6,23,0,1,0,0,0,0,0,0,2:14,4,1,1,29,0,0,0,0,0,NA,NA,NA,NA,NA,NA,NA,NA,NA,NA,KICKOFF
GB,1,GB,6,12,3,GB 30,PHI 2,TOUCHDOWN,1,10,PHI 16,12:46,70,(12:46) (Shotgun) 8-J.Jacobs left guard to PHI 15 for 1 yard (8-C.Gardner-Johnson; 53-Z.Baun).,run,1,1,0,0,0,0,0,NA,NA,NA,NA,J.Jacobs,1,NA,NA,NA,NA,0,0,0,0,0,0,0,0,2:14,4,1,1,29,0,0,0,0,0,NA,NA,NA,NA,NA,NA,NA,NA,NA,NA,KICKOFF
GB,1,GB,6,12,3,GB 30,PHI 2,TOUCHDOWN,2,9,PHI 15,12:06,70,(12:06) (Shotgun) 10-J.Love pass incomplete short right to 85-T.Kraft [98-J.Carter].,pass,0,1,0,1,0,0,0,J.Love,NA,T.Kraft,NA,NA,NA,short,right,4,NA,0,0,0,0,0,0,1,0,2:14,4,1,1,29,0,0,0,0,0,NA,NA,J.Carter,NA,NA,NA,NA,NA,NA,NA,KICKOFF
GB,1,GB,6,12,3,GB 30,PHI 2,TOUCHDOWN,3,9,PHI 15,12:02,70,"(12:02) (Shotgun) 10-J.Love pass incomplete short right to 13-D.Wicks. PENALTY on PHI-29-A.Maddox, Defensive Pass Interference, 13 yards, enforced at PHI 15 - No Play.",no_play,0,1,0,0,0,0,0,NA,NA,NA,NA,NA,NA,NA,NA,NA,NA,0,0,0,0,0,0,0,0,2:14,4,1,1,29,0,0,0,0,0,NA,NA,NA,NA,NA,NA,NA,NA,NA,Defensive Pass Interference,KICKOFF
GB,1,GB,6,12,3,GB 30,PHI 2,TOUCHDOWN,1,2,PHI 2,11:58,70,"(11:58) (Shotgun) 10-J.Love pass short left to 9-C.Watson for 2 yards, TOUCHDOWN.",pass,2,1,0,1,0,0,0,J.Love,2,C.Watson,2,NA,NA,short,left,2,0,1,1,0,0,0,0,0,0,2:14,4,1,1,29,0,0,0,0,0,NA,NA,NA,NA,NA,NA,NA,NA,NA,NA,KICKOFF
GB,1,GB,6,12,3,GB 30,PHI 2,TOUCHDOWN,NA,0,PHI 15,11:55,70,"44-B.Narveson extra point is GOOD, Center-42-M.Orzech, Holder-19-D.Whelan.",extra_point,0,0,0,0,0,0,0,NA,NA,NA,NA,NA,NA,NA,NA,NA,NA,0,0,0,0,0,0,0,0,2:14,4,1,1,29,0,0,0,0,0,NA,NA,NA,NA,NA,NA,NA,NA,NA,NA,KICKOFF
GB,1,PHI,3,13,3,PHI 30,PHI 26,PUNT,NA,0,GB 35,11:55,-4,"44-B.Narveson kicks 65 yards from GB 35 to end zone, Touchback to the PHI 30.",kickoff,0,0,0,0,0,0,0,NA,NA,NA,NA,NA,NA,NA,NA,NA,NA,0,0,0,0,0,0,0,0,1:29,0,0,0,0,0,0,0,0,0,NA,NA,NA,NA,NA,NA,NA,NA,NA,NA,KICKOFF
GB,1,PHI,3,13,3,PHI 30,PHI 26,PUNT,1,10,PHI 30,11:55,-4,(11:55) 1-J.Hurts pass incomplete short right to 88-D.Goedert (52-R.Gary).,pass,0,0,0,1,0,0,0,J.Hurts,NA,D.Goedert,NA,NA,NA,short,right,-4,NA,0,0,0,0,0,0,1,0,1:29,0,0,0,0,0,0,0,0,0,NA,NA,NA,R.Gary,NA,NA,NA,NA,NA,NA,KICKOFF
GB,1,PHI,3,13,3,PHI 30,PHI 26,PUNT,2,10,PHI 30,11:50,-4,(11:50) (Shotgun) 26-S.Barkley right end to PHI 32 for 2 yards (56-E.Cooper).,run,2,1,0,0,0,0,0,NA,NA,NA,NA,S.Barkley,2,NA,NA,NA,NA,0,0,0,0,0,0,0,0,1:29,0,0,0,0,0,0,0,0,0,NA,NA,NA,NA,NA,NA,NA,NA,NA,NA,KICKOFF
GB,1,PHI,3,13,3,PHI 30,PHI 26,PUNT,3,8,PHI 32,11:25,-4,"(11:25) (No Huddle, Shotgun) 1-J.Hurts sacked at PHI 26 for -6 yards (52-R.Gary).",pass,-6,1,1,1,0,0,0,J.Hurts,NA,NA,NA,NA,NA,NA,NA,NA,NA,0,0,0,1,0,0,0,0,1:29,0,0,0,0,0,0,0,0,0,R.Gary,NA,R.Gary,NA,NA,R.Gary,NA,NA,NA,NA,KICKOFF
GB,1,PHI,3,13,3,PHI 30,PHI 26,PUNT,4,14,PHI 26,10:34,-4,"(10:34) 10-B.Mann punts 54 yards to GB 20, Center-49-R.Lovato, fair catch by 11-J.Reed.",punt,0,0,0,0,0,0,0,NA,NA,NA,NA,NA,NA,NA,NA,NA,NA,0,0,0,0,0,0,0,0,1:29,0,0,0,0,0,0,0,0,1,NA,NA,NA,NA,NA,NA,NA,NA,NA,NA,KICKOFF
GB,1,GB,4,14,3,GB 20,GB 27,PUNT,1,10,GB 20,10:26,7,(10:26) (Shotgun) 10-J.Love pass short left to 87-R.Doubs pushed ob at GB 32 for 12 yards (27-Q.Mitchell).,pass,12,1,0,1,0,0,0,J.Love,12,R.Doubs,12,NA,NA,short,left,11,1,0,1,0,0,0,0,0,0,1:39,1,0,0,-5,0,0,0,0,0,NA,NA,NA,NA,NA,NA,NA,NA,NA,NA,PUNT
GB,1,GB,4,14,3,GB 20,GB 27,PUNT,1,10,GB 32,09:47,7,"(9:47) (Shotgun) 31-Em.Wilson right guard to GB 36 for 4 yards (53-Z.Baun). PENALTY on GB, Illegal Shift, 5 yards, enforced at GB 32 - No Play.",no_play,0,1,0,0,0,0,0,NA,NA,NA,NA,NA,NA,NA,NA,NA,NA,0,0,0,0,0,0,0,0,1:39,1,0,0,-5,0,0,0,0,0,NA,NA,NA,NA,NA,NA,NA,NA,NA,Illegal Shift,PUNT
GB,1,GB,4,14,3,GB 20,GB 27,PUNT,1,15,GB 27,09:23,7,(9:23) 10-J.Love pass incomplete deep left to 11-J.Reed.,pass,0,0,0,1,0,0,0,J.Love,NA,J.Reed,NA,NA,NA,deep,left,18,NA,0,0,0,0,0,0,1,0,1:39,1,0,0,-5,0,0,0,0,0,NA,NA,NA,NA,NA,NA,NA,NA,NA,NA,PUNT
GB,1,GB,4,14,3,GB 20,GB 27,PUNT,2,15,GB 27,09:18,7,(9:18) (Shotgun) 10-J.Love pass incomplete short middle to 87-R.Doubs.,pass,0,1,0,1,0,0,0,J.Love,NA,R.Doubs,NA,NA,NA,short,middle,14,NA,0,0,0,0,0,0,1,0,1:39,1,0,0,-5,0,0,0,0,0,NA,NA,NA,NA,NA,NA,NA,NA,NA,NA,PUNT
GB,1,GB,4,14,3,GB 20,GB 27,PUNT,3,15,GB 27,09:13,7,"(9:13) (Shotgun) 10-J.Love pass incomplete short left to 31-Em.Wilson (17-N.Dean). Penalty on GB, Illegal Shift, declined.",pass,0,1,0,1,0,0,0,J.Love,NA,Em.Wilson,NA,NA,NA,short,left,-3,NA,0,0,0,1,0,0,1,0,1:39,1,0,0,-5,0,0,0,0,0,NA,NA,NA,N.Dean,NA,NA,NA,NA,NA,NA,PUNT
GB,1,GB,4,14,3,GB 20,GB 27,PUNT,4,15,GB 27,09:09,7,"(9:09) 19-D.Whelan punts 56 yards to PHI 17, Center-42-M.Orzech. 18-B.Covey to PHI 30 for 13 yards (45-Er.Wilson). Penalty on GB-58-I.McDuffie, Illegal Formation, offsetting, enforced at GB 27 - No Play. Penalty on PHI-36-T.McCollum, Illegal Blindside Block, offsetting.",no_play,NA,0,0,0,0,0,0,NA,NA,NA,NA,NA,NA,NA,NA,NA,NA,0,NA,NA,NA,NA,NA,NA,NA,1:39,1,0,0,-5,NA,NA,NA,NA,NA,NA,NA,NA,NA,NA,NA,NA,NA,NA,NA,PUNT
GB,1,GB,4,14,3,GB 20,GB 27,PUNT,4,15,GB 27,08:56,7,"(8:56) 19-D.Whelan punts 41 yards to PHI 32, Center-42-M.Orzech, fair catch by 18-B.Covey.",punt,0,0,0,0,0,0,0,NA,NA,NA,NA,NA,NA,NA,NA,NA,NA,0,0,0,0,0,0,0,0,1:39,1,0,0,-5,0,0,0,0,1,NA,NA,NA,NA,NA,NA,NA,NA,NA,NA,PUNT
GB,1,PHI,3,15,3,PHI 32,PHI 40,PUNT,1,10,PHI 32,08:47,8,(8:47) (Shotgun) 26-S.Barkley left tackle to PHI 40 for 8 yards (25-K.Nixon).,run,8,1,0,0,0,0,0,NA,NA,NA,NA,S.Barkley,8,NA,NA,NA,NA,0,0,0,0,0,0,0,0,1:26,0,0,0,0,0,0,0,0,0,NA,NA,NA,NA,NA,NA,NA,NA,NA,NA,PUNT
GB,1,PHI,3,15,3,PHI 32,PHI 40,PUNT,2,2,PHI 40,08:15,8,"(8:15) (No Huddle, Shotgun) 1-J.Hurts left end to PHI 40 for no gain (91-P.Smith).",run,0,1,1,0,0,0,0,NA,NA,NA,NA,J.Hurts,0,NA,NA,NA,NA,0,0,0,0,0,0,0,0,1:26,0,0,0,0,0,0,0,0,0,NA,NA,NA,NA,NA,NA,NA,NA,NA,NA,PUNT
GB,1,PHI,3,15,3,PHI 32,PHI 40,PUNT,3,2,PHI 40,07:34,8,(7:34) (Shotgun) 1-J.Hurts pass incomplete short right [58-I.McDuffie].,pass,0,1,0,1,0,0,0,J.Hurts,NA,NA,NA,NA,NA,short,right,-7,NA,0,0,0,1,0,0,1,0,1:26,0,0,0,0,0,0,0,0,0,NA,NA,I.McDuffie,NA,NA,NA,NA,NA,NA,NA,PUNT
GB,1,PHI,3,15,3,PHI 32,PHI 40,PUNT,4,2,PHI 40,07:27,8,"(7:27) 10-B.Mann punts 47 yards to GB 13, Center-49-R.Lovato, fair catch by 11-J.Reed.",punt,0,0,0,0,0,0,0,NA,NA,NA,NA,NA,NA,NA,NA,NA,NA,0,0,0,0,0,0,0,0,1:26,0,0,0,0,1,0,0,0,1,NA,NA,NA,NA,NA,NA,NA,NA,NA,NA,PUNT
GB,1,GB,2,16,3,GB 13,GB 12,INTERCEPTION,1,10,GB 13,07:21,-1,(7:21) 8-J.Jacobs up the middle to GB 22 for 9 yards (32-R.Blankenship; 0-B.Huff).,run,9,0,0,0,0,0,0,NA,NA,NA,NA,J.Jacobs,9,NA,NA,NA,NA,0,0,0,0,0,0,0,0,1:13,0,0,0,-10,0,0,0,0,0,NA,NA,NA,NA,NA,NA,NA,NA,NA,NA,PUNT
GB,1,GB,2,16,3,GB 13,GB 12,INTERCEPTION,2,1,GB 22,06:38,-1,"(6:38) 8-J.Jacobs left end to GB 29 for 7 yards (8-C.Gardner-Johnson; 27-Q.Mitchell). PENALTY on GB-63-R.Walker, Offensive Holding, 10 yards, enforced at GB 22 - No Play.",no_play,0,0,0,0,0,0,0,NA,NA,NA,NA,NA,NA,NA,NA,NA,NA,0,0,0,0,0,0,0,0,1:13,0,0,0,-10,0,0,0,0,0,NA,NA,NA,NA,NA,NA,NA,NA,NA,Offensive Holding,PUNT
GB,1,GB,2,16,3,GB 13,GB 12,INTERCEPTION,2,11,GB 12,06:15,-1,(6:15) (Shotgun) 10-J.Love pass short middle intended for 88-L.Musgrave INTERCEPTED by 32-R.Blankenship at GB 25. 32-R.Blankenship to GB 24 for 1 yard (13-D.Wicks).,pass,0,1,0,1,0,0,0,J.Love,NA,L.Musgrave,NA,NA,NA,short,middle,13,NA,0,0,0,0,0,0,0,1,1:13,0,0,0,-10,0,0,0,0,0,NA,NA,NA,R.Blankenship,NA,NA,NA,NA,NA,NA,PUNT
GB,1,PHI,4,17,3,GB 24,GB 2,TOUCHDOWN,1,10,GB 24,06:08,24,(6:08) (Shotgun) 1-J.Hurts pass short right to 6-D.Smith to GB 16 for 8 yards (58-I.McDuffie).,pass,8,1,0,1,0,0,0,J.Hurts,8,D.Smith,8,NA,NA,short,right,5,3,0,0,0,0,0,0,0,0,1:42,2,1,1,0,0,0,0,0,0,NA,NA,NA,NA,NA,NA,NA,NA,NA,NA,INTERCEPTION
GB,1,PHI,4,17,3,GB 24,GB 2,TOUCHDOWN,2,2,GB 16,05:35,24,"(5:35) (No Huddle, Shotgun) 26-S.Barkley left guard to GB 11 for 5 yards (90-L.Van Ness, 20-J.Bullard).",run,5,1,1,0,0,0,0,NA,NA,NA,NA,S.Barkley,5,NA,NA,NA,NA,0,0,0,0,0,0,0,0,1:42,2,1,1,0,0,0,0,0,0,NA,NA,NA,NA,NA,NA,NA,NA,NA,NA,INTERCEPTION
GB,1,PHI,4,17,3,GB 24,GB 2,TOUCHDOWN,1,10,GB 11,05:07,24,"(5:07) (No Huddle, Shotgun) 26-S.Barkley up the middle to GB 2 for 9 yards (25-K.Nixon, 20-J.Bullard).",run,9,1,1,0,0,0,0,NA,NA,NA,NA,S.Barkley,9,NA,NA,NA,NA,0,0,0,0,0,0,0,0,1:42,2,1,1,0,0,0,0,0,0,NA,NA,NA,NA,NA,NA,NA,NA,NA,NA,INTERCEPTION
GB,1,PHI,4,17,3,GB 24,GB 2,TOUCHDOWN,2,1,GB 2,04:32,24,"(4:32) (No Huddle, Shotgun) 26-S.Barkley up the middle for 2 yards, TOUCHDOWN.",run,2,1,1,0,0,0,0,NA,NA,NA,NA,S.Barkley,2,NA,NA,NA,NA,0,0,0,0,0,0,0,0,1:42,2,1,1,0,0,0,0,0,0,NA,NA,NA,NA,NA,NA,NA,NA,NA,NA,INTERCEPTION
GB,1,PHI,4,17,3,GB 24,GB 2,TOUCHDOWN,NA,0,GB 15,04:26,24,"4-J.Elliott extra point is GOOD, Center-49-R.Lovato, Holder-10-B.Mann.",extra_point,0,0,0,0,0,0,0,NA,NA,NA,NA,NA,NA,NA,NA,NA,NA,0,0,0,0,0,0,0,0,1:42,2,1,1,0,0,0,0,0,0,NA,NA,NA,NA,NA,NA,NA,NA,NA,NA,INTERCEPTION
GB,1,GB,9,18,3,GB 30,PHI 25,MISSED_FG,NA,0,PHI 35,04:26,45,"10-B.Mann kicks 65 yards from PHI 35 to end zone, Touchback to the GB 30.",kickoff,0,0,0,0,0,0,0,NA,NA,NA,NA,NA,NA,NA,NA,NA,NA,0,0,0,0,0,0,0,0,4:09,3,0,0,0,0,0,0,0,0,NA,NA,NA,NA,NA,NA,NA,NA,NA,NA,KICKOFF
GB,1,GB,9,18,3,GB 30,PHI 25,MISSED_FG,1,10,GB 30,04:26,45,(4:26) (Shotgun) 10-J.Love pass short left to 87-R.Doubs to GB 39 for 9 yards (17-N.Dean).,pass,9,1,0,1,0,0,0,J.Love,9,R.Doubs,9,NA,NA,short,left,6,3,0,0,0,0,0,0,0,0,4:09,3,0,0,0,0,0,0,0,0,NA,NA,NA,NA,NA,NA,NA,NA,NA,NA,KICKOFF
GB,1,GB,9,18,3,GB 30,PHI 25,MISSED_FG,2,1,GB 39,03:51,45,(3:51) (Shotgun) 8-J.Jacobs up the middle to GB 42 for 3 yards (53-Z.Baun).,run,3,1,0,0,0,0,0,NA,NA,NA,NA,J.Jacobs,3,NA,NA,NA,NA,0,0,0,0,0,0,0,0,4:09,3,0,0,0,0,0,0,0,0,NA,NA,NA,NA,NA,NA,NA,NA,NA,NA,KICKOFF
GB,1,GB,9,18,3,GB 30,PHI 25,MISSED_FG,1,10,GB 42,03:11,45,(3:11) (Shotgun) 10-J.Love pass incomplete short left to 13-D.Wicks (27-Q.Mitchell).,pass,0,1,0,1,0,0,0,J.Love,NA,D.Wicks,NA,NA,NA,short,left,11,NA,0,0,0,0,0,0,1,0,4:09,3,0,0,0,0,0,0,0,0,NA,NA,NA,Q.Mitchell,NA,NA,NA,NA,NA,NA,KICKOFF
GB,1,GB,9,18,3,GB 30,PHI 25,MISSED_FG,2,10,GB 42,03:07,45,(3:07) (Shotgun) 10-J.Love pass short right to 8-J.Jacobs to PHI 47 for 11 yards (98-J.Carter; 8-C.Gardner-Johnson). PHI-8-C.Gardner-Johnson was injured during the play. PHI-27-Q.Mitchell was injured during the play.,pass,11,1,0,1,0,0,0,J.Love,11,J.Jacobs,11,NA,NA,short,right,-4,15,0,1,0,0,0,0,0,0,4:09,3,0,0,0,0,0,0,0,0,NA,NA,NA,NA,NA,NA,NA,NA,NA,NA,KICKOFF
GB,1,GB,9,18,3,GB 30,PHI 25,MISSED_FG,1,10,PHI 47,02:33,45,(2:33) 8-J.Jacobs right guard to PHI 25 for 22 yards (32-R.Blankenship).,run,22,0,0,0,0,0,0,NA,NA,NA,NA,J.Jacobs,22,NA,NA,NA,NA,0,0,0,0,0,0,0,0,4:09,3,0,0,0,0,0,0,0,0,NA,NA,NA,NA,NA,NA,NA,NA,NA,NA,KICKOFF
GB,1,GB,9,18,3,GB 30,PHI 25,MISSED_FG,1,10,PHI 25,01:52,45,(1:52) 8-J.Jacobs right end to PHI 25 for no gain (53-Z.Baun). ** Injury Update: PHI-8-C.Gardner-Johnson has returned to the game.,run,0,0,0,0,0,0,0,NA,NA,NA,NA,J.Jacobs,0,NA,NA,NA,NA,0,0,0,0,0,0,0,0,4:09,3,0,0,0,0,0,0,0,0,NA,NA,NA,NA,NA,NA,NA,NA,NA,NA,KICKOFF
GB,1,GB,9,18,3,GB 30,PHI 25,MISSED_FG,2,10,PHI 25,01:10,45,(1:10) (Shotgun) 10-J.Love pass short left to 31-Em.Wilson to PHI 25 for no gain (53-Z.Baun).,pass,0,1,0,1,0,0,0,J.Love,0,Em.Wilson,0,NA,NA,short,left,-6,6,0,0,0,0,0,0,0,0,4:09,3,0,0,0,0,0,0,0,0,NA,NA,NA,NA,NA,NA,NA,NA,NA,NA,KICKOFF
GB,1,GB,9,18,3,GB 30,PHI 25,MISSED_FG,3,10,PHI 25,00:26,45,(:26) (Shotgun) 10-J.Love pass incomplete short left to 11-J.Reed.,pass,0,1,0,1,0,0,0,J.Love,NA,J.Reed,NA,NA,NA,short,left,3,NA,0,0,0,1,0,0,1,0,4:09,3,0,0,0,0,0,0,0,0,NA,NA,NA,NA,NA,NA,NA,NA,NA,NA,KICKOFF
GB,1,GB,9,18,3,GB 30,PHI 25,MISSED_FG,4,10,PHI 25,00:21,45,"(:21) 44-B.Narveson 43 yard field goal is No Good, Hit Right Upright, Center-42-M.Orzech, Holder-19-D.Whelan.",field_goal,0,0,0,0,0,0,0,NA,NA,NA,NA,NA,NA,NA,NA,NA,NA,0,0,0,0,0,0,0,0,4:09,3,0,0,0,0,0,0,0,0,NA,NA,NA,NA,NA,NA,NA,NA,NA,NA,KICKOFF
GB,1,PHI,7,19,3,PHI 33,GB 14,INTERCEPTION,1,10,PHI 33,00:17,53,(:17) (Shotgun) 26-S.Barkley left guard to GB 33 for 34 yards (20-J.Bullard).,run,34,1,0,0,0,0,0,NA,NA,NA,NA,S.Barkley,34,NA,NA,NA,NA,0,0,0,0,0,0,0,0,2:24,3,1,0,0,0,0,0,0,0,NA,NA,NA,NA,NA,NA,NA,NA,NA,NA,MISSED_FG
GB,1,PHI,7,19,3,PHI 33,GB 14,INTERCEPTION,NA,0,GB 33,00:00,53,END QUARTER 3,NA,NA,0,0,NA,0,0,0,NA,NA,NA,NA,NA,NA,NA,NA,NA,NA,0,NA,NA,NA,NA,NA,NA,NA,2:24,3,1,0,0,NA,NA,NA,NA,NA,NA,NA,NA,NA,NA,NA,NA,NA,NA,NA,MISSED_FG
GB,1,PHI,7,19,4,PHI 33,GB 14,INTERCEPTION,1,10,GB 33,15:00,53,(15:00) (Shotgun) 1-J.Hurts pass incomplete short right to 11-A.Brown (56-E.Cooper).,pass,0,1,0,1,0,0,0,J.Hurts,NA,A.Brown,NA,NA,NA,short,right,-4,NA,0,0,0,0,0,0,1,0,2:24,3,1,0,0,0,0,0,0,0,NA,NA,NA,E.Cooper,NA,NA,NA,NA,NA,NA,MISSED_FG
GB,1,PHI,7,19,4,PHI 33,GB 14,INTERCEPTION,2,10,GB 33,14:57,53,(14:57) (Shotgun) 1-J.Hurts pass short right to 81-G.Calcaterra to GB 22 for 11 yards (20-J.Bullard).,pass,11,1,0,1,0,0,0,J.Hurts,11,G.Calcaterra,11,NA,NA,short,right,5,6,0,1,0,0,0,0,0,0,2:24,3,1,0,0,0,0,0,0,0,NA,NA,NA,NA,NA,NA,NA,NA,NA,NA,MISSED_FG
GB,1,PHI,7,19,4,PHI 33,GB 14,INTERCEPTION,1,10,GB 22,14:30,53,"(14:30) (No Huddle, Shotgun) 1-J.Hurts pass short left to 11-A.Brown to GB 11 for 11 yards (20-J.Bullard; 25-K.Nixon).",pass,11,1,1,1,0,0,0,J.Hurts,11,A.Brown,11,NA,NA,short,left,7,4,0,1,0,0,0,0,0,0,2:24,3,1,0,0,0,0,0,0,0,NA,NA,NA,NA,NA,NA,NA,NA,NA,NA,MISSED_FG
GB,1,PHI,7,19,4,PHI 33,GB 14,INTERCEPTION,1,10,GB 11,13:52,53,"(13:52) (No Huddle, Shotgun) 1-J.Hurts left guard to GB 14 for -3 yards (25-K.Nixon, 91-P.Smith).",run,-3,1,1,0,0,0,0,NA,NA,NA,NA,J.Hurts,-3,NA,NA,NA,NA,0,0,0,0,0,0,0,0,2:24,3,1,0,0,0,0,0,0,0,K.Nixon,NA,NA,NA,NA,NA,NA,NA,NA,NA,MISSED_FG
GB,1,PHI,7,19,4,PHI 33,GB 14,INTERCEPTION,2,13,GB 14,13:16,53,"(13:16) (No Huddle, Shotgun) 1-J.Hurts pass incomplete short left to 83-J.Dotson (25-K.Nixon).",pass,0,1,1,1,0,0,0,J.Hurts,NA,J.Dotson,NA,NA,NA,short,left,0,NA,0,0,0,0,0,0,1,0,2:24,3,1,0,0,0,0,0,0,0,NA,NA,NA,K.Nixon,NA,NA,NA,NA,NA,NA,MISSED_FG
GB,1,PHI,7,19,4,PHI 33,GB 14,INTERCEPTION,3,13,GB 14,13:10,53,(13:10) (Shotgun) 1-J.Hurts pass deep middle intended for 11-A.Brown INTERCEPTED by 23-J.Alexander at GB -4. 23-J.Alexander to GB 13 for 17 yards (6-D.Smith).,pass,0,1,0,1,0,0,0,J.Hurts,NA,A.Brown,NA,NA,NA,deep,middle,14,NA,0,0,0,1,0,0,0,1,2:24,3,1,0,0,0,0,0,0,0,NA,NA,NA,J.Alexander,NA,NA,NA,NA,NA,NA,MISSED_FG
GB,1,GB,10,20,4,GB 13,PHI 8,FIELD_GOAL,1,10,GB 13,12:53,79,(12:53) (Shotgun) 8-J.Jacobs left tackle pushed ob at GB 45 for 32 yards (17-N.Dean). ** Injury Update: PHI-27-Q.Mitchell has returned to the game.,run,32,1,0,0,0,0,0,NA,NA,NA,NA,J.Jacobs,32,NA,NA,NA,NA,0,0,0,0,0,0,0,0,5:01,3,1,1,0,0,0,0,0,0,NA,NA,NA,NA,NA,NA,NA,NA,NA,NA,INTERCEPTION
GB,1,GB,10,20,4,GB 13,PHI 8,FIELD_GOAL,1,10,GB 45,12:15,79,(12:15) (Shotgun) 8-J.Jacobs left tackle to GB 44 for -1 yards (17-N.Dean).,run,-1,1,0,0,0,0,0,NA,NA,NA,NA,J.Jacobs,-1,NA,NA,NA,NA,0,0,0,0,0,0,0,0,5:01,3,1,1,0,0,0,0,0,0,N.Dean,NA,NA,NA,NA,NA,NA,NA,NA,NA,INTERCEPTION
GB,1,GB,10,20,4,GB 13,PHI 8,FIELD_GOAL,2,11,GB 44,11:37,79,(11:37) (Shotgun) 10-J.Love pass short left to 9-C.Watson to 50 for 6 yards (27-Q.Mitchell).,pass,6,1,0,1,0,0,0,J.Love,6,C.Watson,6,NA,NA,short,left,4,2,0,0,0,0,0,0,0,0,5:01,3,1,1,0,0,0,0,0,0,NA,NA,NA,NA,NA,NA,NA,NA,NA,NA,INTERCEPTION
GB,1,GB,10,20,4,GB 13,PHI 8,FIELD_GOAL,3,5,MID 50,10:56,79,"(10:56) (No Huddle, Shotgun) 10-J.Love pass deep left to 11-J.Reed to PHI 24 for 26 yards (32-R.Blankenship).",pass,26,1,1,1,0,0,0,J.Love,26,J.Reed,26,NA,NA,deep,left,23,3,0,1,1,0,0,0,0,0,5:01,3,1,1,0,0,0,0,0,0,NA,NA,NA,NA,NA,NA,NA,NA,NA,NA,INTERCEPTION
GB,1,GB,10,20,4,GB 13,PHI 8,FIELD_GOAL,1,10,PHI 24,10:11,79,"(10:11) 31-Em.Wilson left guard to PHI 15 for 9 yards (27-Q.Mitchell, 98-J.Carter).",run,9,0,0,0,0,0,0,NA,NA,NA,NA,Em.Wilson,9,NA,NA,NA,NA,0,0,0,0,0,0,0,0,5:01,3,1,1,0,0,0,0,0,0,NA,NA,NA,NA,NA,NA,NA,NA,NA,NA,INTERCEPTION
GB,1,GB,10,20,4,GB 13,PHI 8,FIELD_GOAL,2,1,PHI 15,09:30,79,(9:30) 10-J.Love pass short right to 31-Em.Wilson to PHI 13 for 2 yards (53-Z.Baun).,pass,2,0,0,1,0,0,0,J.Love,2,Em.Wilson,2,NA,NA,short,right,1,1,0,1,0,0,0,0,0,0,5:01,3,1,1,0,0,0,0,0,0,NA,NA,NA,NA,NA,NA,NA,NA,NA,NA,INTERCEPTION
GB,1,GB,10,20,4,GB 13,PHI 8,FIELD_GOAL,1,10,PHI 13,08:49,79,(8:49) (Shotgun) 8-J.Jacobs right guard to PHI 8 for 5 yards (53-Z.Baun; 32-R.Blankenship).,run,5,1,0,0,0,0,0,NA,NA,NA,NA,J.Jacobs,5,NA,NA,NA,NA,0,0,0,0,0,0,0,0,5:01,3,1,1,0,0,0,0,0,0,NA,NA,NA,NA,NA,NA,NA,NA,NA,NA,INTERCEPTION
GB,1,GB,10,20,4,GB 13,PHI 8,FIELD_GOAL,2,5,PHI 8,08:06,79,(8:06) 10-J.Love pass incomplete short left.,pass,0,0,0,1,0,0,0,J.Love,NA,NA,NA,NA,NA,short,left,8,NA,0,0,0,0,0,0,1,0,5:01,3,1,1,0,0,0,0,0,0,NA,NA,NA,NA,NA,NA,NA,NA,NA,NA,INTERCEPTION
GB,1,GB,10,20,4,GB 13,PHI 8,FIELD_GOAL,3,5,PHI 8,08:01,79,(8:01) (Shotgun) 10-J.Love pass incomplete short middle to 87-R.Doubs [97-M.Ojomo].,pass,0,1,0,1,0,0,0,J.Love,NA,R.Doubs,NA,NA,NA,short,middle,8,NA,0,0,0,1,0,0,1,0,5:01,3,1,1,0,0,0,0,0,0,NA,NA,M.Ojomo,NA,NA,NA,NA,NA,NA,NA,INTERCEPTION
GB,1,GB,10,20,4,GB 13,PHI 8,FIELD_GOAL,4,5,PHI 8,07:56,79,"(7:56) 44-B.Narveson 26 yard field goal is GOOD, Center-42-M.Orzech, Holder-19-D.Whelan.",field_goal,0,0,0,0,0,0,0,NA,NA,NA,NA,NA,NA,NA,NA,NA,NA,0,0,0,0,0,0,0,0,5:01,3,1,1,0,0,0,0,0,0,NA,NA,NA,NA,NA,NA,NA,NA,NA,NA,INTERCEPTION
GB,1,PHI,16,21,4,PHI 30,GB 3,FIELD_GOAL,NA,0,GB 35,07:52,67,"44-B.Narveson kicks 65 yards from GB 35 to end zone, Touchback to the PHI 30.",kickoff,0,0,0,0,0,0,0,NA,NA,NA,NA,NA,NA,NA,NA,NA,NA,0,0,0,0,0,0,0,0,7:25,6,1,1,5,0,0,0,0,0,NA,NA,NA,NA,NA,NA,NA,NA,NA,NA,KICKOFF
GB,1,PHI,16,21,4,PHI 30,GB 3,FIELD_GOAL,1,10,PHI 30,07:52,67,(7:52) (Shotgun) 26-S.Barkley left end to PHI 28 for -2 yards (7-Q.Walker). PHI-11-A.Brown was injured during the play.,run,-2,1,0,0,0,0,0,NA,NA,NA,NA,S.Barkley,-2,NA,NA,NA,NA,0,0,0,0,0,0,0,0,7:25,6,1,1,5,0,0,0,0,0,Q.Walker,NA,NA,NA,NA,NA,NA,NA,NA,NA,KICKOFF
GB,1,PHI,16,21,4,PHI 30,GB 3,FIELD_GOAL,2,12,PHI 28,07:09,67,"(7:09) (Shotgun) 1-J.Hurts pass incomplete short right [90-L.Van Ness]. PENALTY on GB-23-J.Alexander, Defensive Holding, 5 yards, enforced at PHI 28 - No Play.",no_play,0,1,0,0,0,0,0,NA,NA,NA,NA,NA,NA,NA,NA,NA,NA,0,0,0,0,0,0,0,0,7:25,6,1,1,5,0,0,0,0,0,NA,NA,NA,NA,NA,NA,NA,NA,NA,Defensive Holding,KICKOFF
GB,1,PHI,16,21,4,PHI 30,GB 3,FIELD_GOAL,1,10,PHI 33,06:59,67,(6:59) (Shotgun) 26-S.Barkley up the middle to PHI 42 for 9 yards (58-I.McDuffie). ** Injury Update: PHI-11-A.Brown has returned to the game.,run,9,1,0,0,0,0,0,NA,NA,NA,NA,S.Barkley,9,NA,NA,NA,NA,0,0,0,0,0,0,0,0,7:25,6,1,1,5,0,0,0,0,0,NA,NA,NA,NA,NA,NA,NA,NA,NA,NA,KICKOFF
GB,1,PHI,16,21,4,PHI 30,GB 3,FIELD_GOAL,2,1,PHI 42,06:18,67,(6:18) (Shotgun) 26-S.Barkley up the middle to PHI 44 for 2 yards (56-E.Cooper; 52-R.Gary).,run,2,1,0,0,0,0,0,NA,NA,NA,NA,S.Barkley,2,NA,NA,NA,NA,0,0,0,0,0,0,0,0,7:25,6,1,1,5,0,0,0,0,0,NA,NA,NA,NA,NA,NA,NA,NA,NA,NA,KICKOFF
GB,1,NA,16,21,4,PHI 30,GB 3,FIELD_GOAL,NA,0,PHI 44,05:33,67,Timeout #1 by PHI at 05:33.,no_play,0,0,0,0,0,0,0,NA,NA,NA,NA,NA,NA,NA,NA,NA,NA,0,0,0,0,0,0,0,0,7:25,6,1,1,5,0,0,0,0,0,NA,NA,NA,NA,NA,NA,NA,NA,NA,NA,KICKOFF
GB,1,PHI,16,21,4,PHI 30,GB 3,FIELD_GOAL,1,10,PHI 44,05:33,67,(5:33) (Shotgun) 1-J.Hurts scrambles right tackle to GB 48 for 8 yards (20-J.Bullard).,run,8,1,0,1,0,0,1,NA,NA,NA,NA,J.Hurts,8,NA,NA,NA,NA,0,0,0,0,0,0,0,0,7:25,6,1,1,5,0,0,0,0,0,NA,NA,NA,NA,NA,NA,NA,NA,NA,NA,KICKOFF
GB,1,PHI,16,21,4,PHI 30,GB 3,FIELD_GOAL,2,2,GB 48,04:52,67,"(4:52) (Shotgun) 1-J.Hurts pass short right to 14-K.Gainwell ran ob at GB 45 for 3 yards (21-E.Stokes). PENALTY on PHI-65-L.Johnson, Illegal Formation, 5 yards, enforced at GB 48 - No Play.",no_play,0,1,0,0,0,0,0,NA,NA,NA,NA,NA,NA,NA,NA,NA,NA,0,0,0,0,0,0,0,0,7:25,6,1,1,5,0,0,0,0,0,NA,NA,NA,NA,NA,NA,NA,NA,NA,Illegal Formation,KICKOFF
GB,1,PHI,16,21,4,PHI 30,GB 3,FIELD_GOAL,2,7,PHI 47,04:48,67,"(4:48) (Shotgun) 1-J.Hurts pass incomplete short right to 11-A.Brown (23-J.Alexander). Penalty on PHI-51-C.Jurgens, Ineligible Downfield Pass, declined.",pass,0,1,0,1,0,0,0,J.Hurts,NA,A.Brown,NA,NA,NA,short,right,8,NA,0,0,0,0,0,0,1,0,7:25,6,1,1,5,0,0,0,0,0,NA,NA,NA,J.Alexander,NA,NA,NA,NA,NA,NA,KICKOFF
GB,1,PHI,16,21,4,PHI 30,GB 3,FIELD_GOAL,3,7,PHI 47,04:43,67,"(4:43) (Shotgun) 1-J.Hurts scrambles up the middle to GB 47 for 6 yards (7-Q.Walker, 94-K.Brooks). PENALTY on GB-97-K.Clark, Defensive Holding, 5 yards, enforced at GB 47.",run,6,1,0,1,0,0,1,NA,NA,NA,NA,J.Hurts,6,NA,NA,NA,NA,0,0,0,1,0,0,0,0,7:25,6,1,1,5,0,0,0,0,0,NA,NA,NA,NA,NA,NA,NA,NA,NA,Defensive Holding,KICKOFF
GB,1,PHI,16,21,4,PHI 30,GB 3,FIELD_GOAL,1,10,GB 42,04:32,67,(4:32) (Shotgun) 26-S.Barkley left tackle to GB 40 for 2 yards (45-Er.Wilson; 58-I.McDuffie).,run,2,1,0,0,0,0,0,NA,NA,NA,NA,S.Barkley,2,NA,NA,NA,NA,0,0,0,0,0,0,0,0,7:25,6,1,1,5,0,0,0,0,0,NA,NA,NA,NA,NA,NA,NA,NA,NA,NA,KICKOFF
GB,1,PHI,16,21,4,PHI 30,GB 3,FIELD_GOAL,2,8,GB 40,03:48,67,"(3:48) (Shotgun) 1-J.Hurts scrambles left end to GB 32 for 8 yards (21-E.Stokes, 7-Q.Walker).",run,8,1,0,1,0,0,1,NA,NA,NA,NA,J.Hurts,8,NA,NA,NA,NA,0,0,0,0,0,0,0,0,7:25,6,1,1,5,0,0,0,0,0,NA,NA,NA,NA,NA,NA,NA,NA,NA,NA,KICKOFF
GB,1,PHI,16,21,4,PHI 30,GB 3,FIELD_GOAL,1,10,GB 32,03:04,67,(3:04) (Shotgun) 26-S.Barkley up the middle to GB 35 for -3 yards (95-D.Wyatt).,run,-3,1,0,0,0,0,0,NA,NA,NA,NA,S.Barkley,-3,NA,NA,NA,NA,0,0,0,0,0,0,0,0,7:25,6,1,1,5,0,0,0,0,0,D.Wyatt,NA,NA,NA,NA,NA,NA,NA,NA,NA,KICKOFF
GB,1,PHI,16,21,4,PHI 30,GB 3,FIELD_GOAL,2,13,GB 35,02:23,67,(2:23) (Shotgun) 1-J.Hurts pass short left to 6-D.Smith to GB 19 for 16 yards (29-X.McKinney).,pass,16,1,0,1,0,0,0,J.Hurts,16,D.Smith,16,NA,NA,short,left,2,14,0,1,0,0,0,0,0,0,7:25,6,1,1,5,0,0,0,0,0,NA,NA,NA,NA,NA,NA,NA,NA,NA,NA,KICKOFF
GB,1,NA,16,21,4,PHI 30,GB 3,FIELD_GOAL,NA,0,GB 19,02:15,67,Timeout #1 by GB at 02:15.,no_play,0,0,0,0,0,0,0,NA,NA,NA,NA,NA,NA,NA,NA,NA,NA,0,0,0,0,0,0,0,0,7:25,6,1,1,5,0,0,0,0,0,NA,NA,NA,NA,NA,NA,NA,NA,NA,NA,KICKOFF
GB,1,PHI,16,21,4,PHI 30,GB 3,FIELD_GOAL,1,10,GB 19,02:15,67,(2:15) (Shotgun) 26-S.Barkley up the middle to GB 17 for 2 yards (58-I.McDuffie; 93-T.Slaton).,run,2,1,0,0,0,0,0,NA,NA,NA,NA,S.Barkley,2,NA,NA,NA,NA,0,0,0,0,0,0,0,0,7:25,6,1,1,5,0,0,0,0,0,NA,NA,NA,NA,NA,NA,NA,NA,NA,NA,KICKOFF
GB,1,NA,16,21,4,PHI 30,GB 3,FIELD_GOAL,NA,0,GB 17,02:10,67,Timeout #2 by GB at 02:10.,no_play,0,0,0,0,0,0,0,NA,NA,NA,NA,NA,NA,NA,NA,NA,NA,0,0,0,0,0,0,0,0,7:25,6,1,1,5,0,0,0,0,0,NA,NA,NA,NA,NA,NA,NA,NA,NA,NA,KICKOFF
GB,1,PHI,16,21,4,PHI 30,GB 3,FIELD_GOAL,2,8,GB 17,02:10,67,(2:10) (Shotgun) 1-J.Hurts pass short left to 6-D.Smith to GB 6 for 11 yards (20-J.Bullard; 21-E.Stokes).,pass,11,1,0,1,0,0,0,J.Hurts,11,D.Smith,11,NA,NA,short,left,5,6,0,1,0,0,0,0,0,0,7:25,6,1,1,5,0,0,0,0,0,NA,NA,NA,NA,NA,NA,NA,NA,NA,NA,KICKOFF
GB,1,PHI,16,21,4,PHI 30,GB 3,FIELD_GOAL,1,6,GB 6,02:00,67,(2:00) (Shotgun) 26-S.Barkley up the middle to GB 4 for 2 yards (20-J.Bullard).,run,2,1,0,0,0,0,0,NA,NA,NA,NA,S.Barkley,2,NA,NA,NA,NA,1,0,0,0,0,0,0,0,7:25,6,1,1,5,0,0,0,0,0,NA,NA,NA,NA,NA,NA,NA,NA,NA,NA,KICKOFF
GB,1,NA,16,21,4,PHI 30,GB 3,FIELD_GOAL,NA,0,GB 4,01:57,67,Timeout #3 by GB at 01:57.,no_play,0,0,0,0,0,0,0,NA,NA,NA,NA,NA,NA,NA,NA,NA,NA,0,0,0,0,0,0,0,0,7:25,6,1,1,5,0,0,0,0,0,NA,NA,NA,NA,NA,NA,NA,NA,NA,NA,KICKOFF
GB,1,PHI,16,21,4,PHI 30,GB 3,FIELD_GOAL,2,4,GB 4,01:57,67,(1:57) (Shotgun) 26-S.Barkley right guard to GB 1 for 3 yards (7-Q.Walker; 93-T.Slaton).,run,3,1,0,0,0,0,0,NA,NA,NA,NA,S.Barkley,3,NA,NA,NA,NA,1,0,0,0,0,0,0,0,7:25,6,1,1,5,0,0,0,0,0,NA,NA,NA,NA,NA,NA,NA,NA,NA,NA,KICKOFF
GB,1,NA,16,21,4,PHI 30,GB 3,FIELD_GOAL,NA,0,GB 1,01:12,67,Timeout #2 by PHI at 01:12.,no_play,0,0,0,0,0,0,0,NA,NA,NA,NA,NA,NA,NA,NA,NA,NA,0,0,0,0,0,0,0,0,7:25,6,1,1,5,0,0,0,0,0,NA,NA,NA,NA,NA,NA,NA,NA,NA,NA,KICKOFF
GB,1,PHI,16,21,4,PHI 30,GB 3,FIELD_GOAL,3,1,GB 1,01:12,67,"(1:12) 1-J.Hurts FUMBLES (Aborted) at GB 2, recovered by PHI-26-S.Barkley at GB 3.",run,0,0,0,0,0,0,0,NA,NA,NA,NA,J.Hurts,0,NA,NA,NA,NA,1,0,0,1,0,0,0,0,7:25,6,1,1,5,0,0,0,0,0,NA,NA,NA,NA,J.Hurts,NA,NA,NA,NA,NA,KICKOFF
GB,1,NA,16,21,4,PHI 30,GB 3,FIELD_GOAL,NA,0,GB 3,00:30,67,Timeout #3 by PHI at 00:30.,no_play,0,0,0,0,0,0,0,NA,NA,NA,NA,NA,NA,NA,NA,NA,NA,0,0,0,0,0,0,0,0,7:25,6,1,1,5,0,0,0,0,0,NA,NA,NA,NA,NA,NA,NA,NA,NA,NA,KICKOFF
GB,1,PHI,16,21,4,PHI 30,GB 3,FIELD_GOAL,4,3,GB 3,00:30,67,"(:30) 4-J.Elliott 21 yard field goal is GOOD, Center-49-R.Lovato, Holder-10-B.Mann. Penalty on GB-29-X.McKinney, Defensive Offside, declined.",field_goal,0,0,0,0,0,0,0,NA,NA,NA,NA,NA,NA,NA,NA,NA,NA,1,0,0,0,0,0,0,0,7:25,6,1,1,5,0,0,0,0,0,NA,NA,NA,NA,NA,NA,NA,NA,NA,NA,KICKOFF
GB,1,GB,4,22,4,GB 16,PHI 47,END_GAME,NA,0,PHI 35,00:27,33,"10-B.Mann kicks 73 yards from PHI 35 to GB -8. 25-K.Nixon to GB 16 for 24 yards (28-W.Shipley, 3-N.Smith).",kickoff,0,0,0,0,0,0,0,NA,NA,NA,NA,NA,NA,NA,NA,NA,NA,0,0,0,0,0,0,0,0,0:27,1,0,0,0,0,0,0,0,0,NA,NA,NA,NA,NA,NA,NA,NA,NA,NA,KICKOFF
GB,1,GB,4,22,4,GB 16,PHI 47,END_GAME,1,10,GB 16,00:22,33,(:22) (Shotgun) 10-J.Love pass deep left to 11-J.Reed pushed ob at GB 49 for 33 yards (27-Q.Mitchell).,pass,33,1,0,1,0,0,0,J.Love,33,J.Reed,33,NA,NA,deep,left,33,0,0,1,0,0,0,0,0,0,0:27,1,0,0,0,0,0,0,0,0,NA,NA,NA,NA,NA,NA,NA,NA,NA,NA,KICKOFF
GB,1,GB,4,22,4,GB 16,PHI 47,END_GAME,1,10,GB 49,00:15,33,"(:15) (No Huddle, Shotgun) 8-J.Jacobs left end ran ob at PHI 47 for 4 yards (53-Z.Baun). GB-10-J.Love was injured during the play. GB-71-J.Myers was injured during the play.",run,4,1,1,0,0,0,0,NA,NA,NA,NA,J.Jacobs,4,NA,NA,NA,NA,0,0,0,0,0,0,0,0,0:27,1,0,0,0,0,0,0,0,0,NA,NA,NA,NA,NA,NA,NA,NA,NA,NA,KICKOFF
GB,1,NA,4,22,4,GB 16,PHI 47,END_GAME,NA,0,PHI 47,00:06,33,Timeout #4 by GB at 00:06.,no_play,0,0,0,0,0,0,0,NA,NA,NA,NA,NA,NA,NA,NA,NA,NA,0,0,0,0,0,0,0,0,0:27,1,0,0,0,0,0,0,0,0,NA,NA,NA,NA,NA,NA,NA,NA,NA,NA,KICKOFF
GB,1,GB,4,22,4,GB 16,PHI 47,END_GAME,2,6,PHI 47,00:06,33,(:06) (Shotgun) 2-M.Willis pass incomplete short left to 87-R.Doubs.,pass,0,1,0,1,0,0,0,M.Willis,NA,R.Doubs,NA,NA,NA,short,left,2,NA,0,0,0,0,0,0,1,0,0:27,1,0,0,0,0,0,0,0,0,NA,NA,NA,NA,NA,NA,NA,NA,NA,NA,KICKOFF
GB,1,GB,4,22,4,GB 16,PHI 47,END_GAME,3,6,PHI 47,00:03,33,(:03) (Shotgun) 2-M.Willis sacked at GB 49 for -4 yards (53-Z.Baun).,pass,-4,1,0,1,0,0,0,M.Willis,NA,NA,NA,NA,NA,NA,NA,NA,NA,0,0,0,1,0,0,0,0,0:27,1,0,0,0,0,0,0,0,0,Z.Baun,NA,Z.Baun,NA,NA,Z.Baun,NA,NA,NA,NA,KICKOFF
GB,1,GB,4,22,4,GB 16,PHI 47,END_GAME,NA,0,NA,00:00,33,END GAME,NA,NA,0,0,NA,0,0,0,NA,NA,NA,NA,NA,NA,NA,NA,NA,NA,0,NA,NA,NA,NA,NA,NA,NA,0:27,1,0,0,0,NA,NA,NA,NA,NA,NA,NA,NA,NA,NA,NA,NA,NA,NA,NA,KICKOFF
